{"loss": [0.26310476660728455, 0.2534242868423462, 0.2447906732559204, 0.23713889718055725, 0.2307913601398468, 0.2258932739496231, 0.2214757353067398, 0.2169598489999771, 0.2124546468257904, 0.20807263255119324], "val_loss": [0.25684088468551636, 0.24882665276527405, 0.24175205826759338, 0.23574891686439514, 0.2310999631881714, 0.22707636654376984, 0.22328634560108185, 0.21965543925762177, 0.21604426205158234, 0.21236266195774078]}