{"loss": [0.24537375569343567, 0.22937965393066406, 0.20304004848003387, 0.17477691173553467, 0.15664812922477722, 0.1505334973335266, 0.14959470927715302, 0.14873866736888885, 0.1477232128381729, 0.14783598482608795], "val_loss": [0.24013444781303406, 0.22192588448524475, 0.19718016684055328, 0.1800832450389862, 0.1671997457742691, 0.16918005049228668, 0.1660693734884262, 0.16777053475379944, 0.16427075862884521, 0.1651308834552765]}