{"loss": [0.23145608603954315, 0.19267474114894867, 0.17013180255889893, 0.1621493697166443, 0.16119612753391266, 0.15961451828479767, 0.15881915390491486, 0.15835589170455933, 0.15879514813423157, 0.15806037187576294], "val_loss": [0.21438461542129517, 0.18793681263923645, 0.1775442659854889, 0.17631688714027405, 0.17744839191436768, 0.17411929368972778, 0.17309220135211945, 0.17336265742778778, 0.17405354976654053, 0.17316988110542297]}