{"loss": [0.1975727677345276, 0.18764589726924896, 0.18459132313728333, 0.18396231532096863, 0.18404753506183624, 0.18354639410972595, 0.1834636777639389, 0.1831502914428711, 0.1831025779247284, 0.18277131021022797], "val_loss": [0.20142784714698792, 0.19927598536014557, 0.1994933933019638, 0.19945083558559418, 0.19934754073619843, 0.19973021745681763, 0.19965611398220062, 0.1990562081336975, 0.19858534634113312, 0.19882191717624664]}