{"loss": [0.23915646970272064, 0.19515445828437805, 0.17173275351524353, 0.15741683542728424, 0.15906170010566711, 0.15912212431430817, 0.15662947297096252, 0.156267911195755, 0.1563774049282074, 0.15576308965682983], "val_loss": [0.21583743393421173, 0.1983266919851303, 0.18012821674346924, 0.18441711366176605, 0.18824976682662964, 0.18098533153533936, 0.17933571338653564, 0.18293754756450653, 0.18369197845458984, 0.17954279482364655]}