{"loss": [0.24805234372615814, 0.24518756568431854, 0.24235495924949646, 0.23957805335521698, 0.23688878118991852, 0.23432420194149017, 0.23182398080825806, 0.22937171161174774, 0.22707627713680267, 0.2248331755399704], "val_loss": [0.24653086066246033, 0.244019016623497, 0.2415890246629715, 0.2392396628856659, 0.23698292672634125, 0.23470830917358398, 0.23251615464687347, 0.23048587143421173, 0.2285098433494568, 0.22657229006290436]}