{"loss": [0.24684645235538483, 0.23360513150691986, 0.20047342777252197, 0.1899799257516861, 0.19040659070014954, 0.19047757983207703, 0.1896677166223526, 0.18937517702579498, 0.18936191499233246, 0.18931210041046143], "val_loss": [0.24295803904533386, 0.22206953167915344, 0.20677240192890167, 0.2038833647966385, 0.20647622644901276, 0.20434780418872833, 0.20476865768432617, 0.20437902212142944, 0.20495165884494781, 0.20523613691329956]}