{"loss": [0.22100426256656647, 0.19082759320735931, 0.17222562432289124, 0.16682352125644684, 0.16473615169525146, 0.1619018316268921, 0.15996475517749786, 0.15840867161750793, 0.1579866260290146, 0.15739984810352325], "val_loss": [0.20914949476718903, 0.18867464363574982, 0.18304520845413208, 0.18099641799926758, 0.17851553857326508, 0.17687618732452393, 0.17520536482334137, 0.17362238466739655, 0.17323975265026093, 0.17401516437530518]}