{"loss": [0.24730391800403595, 0.23240651190280914, 0.18475289642810822, 0.1704847365617752, 0.16489282250404358, 0.16148509085178375, 0.15779930353164673, 0.1563769280910492, 0.15586848556995392, 0.15538696944713593], "val_loss": [0.24365179240703583, 0.21516743302345276, 0.19291213154792786, 0.18260124325752258, 0.1813867688179016, 0.17503370344638824, 0.17411358654499054, 0.17334872484207153, 0.1733003407716751, 0.17291754484176636]}