{"loss": [0.22164633870124817, 0.21702013909816742, 0.21356700360774994, 0.21095004677772522, 0.2090398371219635, 0.2074388861656189, 0.20619913935661316, 0.20510567724704742, 0.2042631357908249, 0.20351499319076538], "val_loss": [0.21325011551380157, 0.20967185497283936, 0.20698899030685425, 0.20506462454795837, 0.2036140114068985, 0.20251336693763733, 0.2014915496110916, 0.20073434710502625, 0.20006826519966125, 0.19950999319553375]}