{"loss": [0.2016749083995819, 0.16771471500396729, 0.15370893478393555, 0.1511475294828415, 0.15094546973705292, 0.14988377690315247, 0.15084031224250793, 0.15028750896453857, 0.1500464230775833, 0.15067782998085022], "val_loss": [0.19493018090724945, 0.1743594855070114, 0.169612854719162, 0.16934090852737427, 0.16663916409015656, 0.17059069871902466, 0.16859902441501617, 0.1696951985359192, 0.1648218184709549, 0.16640903055667877]}