{"loss": [0.24158582091331482, 0.22343720495700836, 0.20351435244083405, 0.18517650663852692, 0.17054741084575653, 0.1605454683303833, 0.15450625121593475, 0.15094663202762604, 0.14940279722213745, 0.14909276366233826], "val_loss": [0.23486332595348358, 0.21852177381515503, 0.20245809853076935, 0.19010666012763977, 0.17926757037639618, 0.1727549135684967, 0.16846416890621185, 0.16738244891166687, 0.16483649611473083, 0.1647348552942276]}