{"loss": [0.21342244744300842, 0.16035261750221252, 0.1563711017370224, 0.15260528028011322, 0.1528662145137787, 0.150898277759552, 0.15231209993362427, 0.1507636308670044, 0.14985984563827515, 0.14936409890651703], "val_loss": [0.1783730685710907, 0.17267829179763794, 0.17031115293502808, 0.17556610703468323, 0.17085406184196472, 0.17260362207889557, 0.17223012447357178, 0.17455999553203583, 0.16684329509735107, 0.16625070571899414]}