{"loss": [0.24409990012645721, 0.22690057754516602, 0.20557989180088043, 0.1889224499464035, 0.1803741306066513, 0.17250533401966095, 0.16646811366081238, 0.16328571736812592, 0.16345034539699554, 0.16183564066886902], "val_loss": [0.23733164370059967, 0.21979235112667084, 0.20406560599803925, 0.19477853178977966, 0.18816645443439484, 0.1801251769065857, 0.17636187374591827, 0.17483657598495483, 0.17604272067546844, 0.17451675236225128]}