{"loss": [0.18226061761379242, 0.1569538414478302, 0.1572115421295166, 0.15444780886173248, 0.15395699441432953, 0.15257073938846588, 0.15563194453716278, 0.1545695960521698, 0.15311884880065918, 0.1523188352584839], "val_loss": [0.1709686815738678, 0.17065437138080597, 0.1694178581237793, 0.17477291822433472, 0.16818416118621826, 0.17716354131698608, 0.1790003776550293, 0.17537252604961395, 0.1681814044713974, 0.16795594990253448]}