{"loss": [0.49762460589408875, 0.4919404089450836, 0.485188752412796, 0.4747576415538788, 0.4498671591281891, 0.44140222668647766, 0.42947888374328613, 0.419124960899353, 0.406887024641037, 0.3961964249610901], "val_loss": [0.4954892694950104, 0.4902415871620178, 0.4834345281124115, 0.46702510118484497, 0.4420246183872223, 0.43507659435272217, 0.42797422409057617, 0.41667142510414124, 0.40775376558303833, 0.3976525068283081]}