{"loss": [0.19808150827884674, 0.1881299465894699, 0.18844039738178253, 0.18784794211387634, 0.18827486038208008, 0.1878768652677536, 0.1876411736011505, 0.1873382329940796, 0.1874556541442871, 0.187221959233284], "val_loss": [0.21313513815402985, 0.2043641060590744, 0.20424894988536835, 0.2042350172996521, 0.20477914810180664, 0.2051904946565628, 0.2047179788351059, 0.20412865281105042, 0.2040795236825943, 0.20487837493419647]}