{"loss": [0.24856515228748322, 0.24510371685028076, 0.24038740992546082, 0.21681782603263855, 0.19074581563472748, 0.18990331888198853, 0.18870200216770172, 0.18763045966625214, 0.1871877759695053, 0.18692733347415924], "val_loss": [0.2471778839826584, 0.2437783032655716, 0.23818328976631165, 0.20675618946552277, 0.21169009804725647, 0.2039279341697693, 0.20507383346557617, 0.20653928816318512, 0.20788589119911194, 0.20658323168754578]}