{"loss": [0.24629013240337372, 0.2307005375623703, 0.19817648828029633, 0.18531917035579681, 0.18349377810955048, 0.17983154952526093, 0.17623232305049896, 0.1725318878889084, 0.16906297206878662, 0.1656302660703659], "val_loss": [0.24154360592365265, 0.21940983831882477, 0.201149120926857, 0.19795873761177063, 0.1951829493045807, 0.19135361909866333, 0.18750615417957306, 0.18353891372680664, 0.18007183074951172, 0.17764243483543396]}