{"loss": [0.24499459564685822, 0.23336389660835266, 0.22411011159420013, 0.21646255254745483, 0.2088475376367569, 0.20158398151397705, 0.19486413896083832, 0.18875524401664734, 0.1836940348148346, 0.17953860759735107], "val_loss": [0.2426047921180725, 0.23333366215229034, 0.22682973742485046, 0.22076952457427979, 0.21494702994823456, 0.20928671956062317, 0.20420879125595093, 0.20000624656677246, 0.19640140235424042, 0.19355200231075287]}