{"loss": [0.24869294464588165, 0.24592489004135132, 0.24318324029445648, 0.24050863087177277, 0.23791928589344025, 0.23549026250839233, 0.23312467336654663, 0.23082950711250305, 0.22865957021713257, 0.22663791477680206], "val_loss": [0.24752625823020935, 0.24512694776058197, 0.24282146990299225, 0.24061359465122223, 0.23852139711380005, 0.23637577891349792, 0.23436322808265686, 0.2325361669063568, 0.23080313205718994, 0.22908061742782593]}