{"loss": [0.24067789316177368, 0.2002653181552887, 0.18877513706684113, 0.18550656735897064, 0.18131504952907562, 0.17338576912879944, 0.1649414747953415, 0.16220463812351227, 0.16167223453521729, 0.158551424741745], "val_loss": [0.22185033559799194, 0.20269492268562317, 0.20330409705638885, 0.1985274851322174, 0.19915375113487244, 0.1782538890838623, 0.17276045680046082, 0.17350272834300995, 0.17204301059246063, 0.17039690911769867]}