{"loss": [0.2477271407842636, 0.24476003646850586, 0.2417358160018921, 0.23861993849277496, 0.2347119152545929, 0.22941942512989044, 0.22359690070152283, 0.2173965722322464, 0.21134722232818604, 0.20521225035190582], "val_loss": [0.24774566292762756, 0.24540036916732788, 0.2431211620569229, 0.2406797558069229, 0.2369830310344696, 0.23247802257537842, 0.22784395515918732, 0.22346635162830353, 0.21886897087097168, 0.2136937379837036]}