{"loss": [0.23897428810596466, 0.19648006558418274, 0.1922888159751892, 0.18839788436889648, 0.18857528269290924, 0.1812920868396759, 0.17065703868865967, 0.16589684784412384, 0.16431370377540588, 0.1609739512205124], "val_loss": [0.20703443884849548, 0.20499856770038605, 0.20334255695343018, 0.20416869223117828, 0.21350519359111786, 0.1898583024740219, 0.1797522008419037, 0.1779250055551529, 0.17741172015666962, 0.17159119248390198]}