{"loss": [0.2503854036331177, 0.24600130319595337, 0.24189826846122742, 0.23738756775856018, 0.23205405473709106, 0.22608080506324768, 0.21960090100765228, 0.21281103789806366, 0.206308513879776, 0.20021510124206543], "val_loss": [0.24815350770950317, 0.2445732057094574, 0.2409931719303131, 0.23684653639793396, 0.23205257952213287, 0.226520374417305, 0.22071397304534912, 0.21515201032161713, 0.2098010778427124, 0.20479917526245117]}