{"loss": [0.20603777468204498, 0.15905863046646118, 0.15498234331607819, 0.15209122002124786, 0.15249991416931152, 0.15090222656726837, 0.15179839730262756, 0.15029200911521912, 0.1493087112903595, 0.14891459047794342], "val_loss": [0.17965112626552582, 0.17178474366664886, 0.16855424642562866, 0.17439395189285278, 0.16925425827503204, 0.17136357724666595, 0.17014335095882416, 0.1737850159406662, 0.16631664335727692, 0.1659238189458847]}