{"loss": [0.24819284677505493, 0.24412092566490173, 0.23993492126464844, 0.23570874333381653, 0.23150216042995453, 0.22749410569667816, 0.2235664576292038, 0.21975456178188324, 0.21619273722171783, 0.2129625529050827], "val_loss": [0.24648639559745789, 0.24289008975028992, 0.23931917548179626, 0.2358078807592392, 0.23242300748825073, 0.22891639173030853, 0.22563952207565308, 0.22272633016109467, 0.22003336250782013, 0.21743708848953247]}