{"loss": [0.24557505548000336, 0.23447565734386444, 0.22003056108951569, 0.20318081974983215, 0.1880500763654709, 0.1793498992919922, 0.17539818584918976, 0.1728319674730301, 0.17086604237556458, 0.16879253089427948], "val_loss": [0.2411910742521286, 0.23042887449264526, 0.21664661169052124, 0.202963724732399, 0.19344393908977509, 0.18870870769023895, 0.18703009188175201, 0.18514564633369446, 0.18313081562519073, 0.1822311133146286]}