{"loss": [0.2252313196659088, 0.21351633965969086, 0.20281833410263062, 0.19341157376766205, 0.18564997613430023, 0.17946580052375793, 0.17466163635253906, 0.17076708376407623, 0.16802869737148285, 0.16565129160881042], "val_loss": [0.22413404285907745, 0.2145950198173523, 0.20614193379878998, 0.19923289120197296, 0.19365350902080536, 0.18913869559764862, 0.18570472300052643, 0.1832394301891327, 0.1812492161989212, 0.17979949712753296]}