{"loss": [0.2428901195526123, 0.21222056448459625, 0.18663614988327026, 0.18461500108242035, 0.18298974633216858, 0.18048705160617828, 0.1747651994228363, 0.1690283566713333, 0.16570886969566345, 0.16352973878383636], "val_loss": [0.23349949717521667, 0.2040521800518036, 0.20403820276260376, 0.20190878212451935, 0.2028511017560959, 0.1960400640964508, 0.19192399084568024, 0.18774740397930145, 0.1855136901140213, 0.18397769331932068]}