{"loss": [0.22974292933940887, 0.18816080689430237, 0.16540919244289398, 0.1594897210597992, 0.16226603090763092, 0.163645938038826, 0.1608845442533493, 0.1589006930589676, 0.15875081717967987, 0.15798866748809814], "val_loss": [0.20965051651000977, 0.18752709031105042, 0.17482990026474, 0.1791727989912033, 0.1740126609802246, 0.17001669108867645, 0.17321114242076874, 0.1761614829301834, 0.17586231231689453, 0.17330825328826904]}