{"loss": [0.24595804512500763, 0.23410670459270477, 0.21715854108333588, 0.19316959381103516, 0.17015999555587769, 0.15679426491260529, 0.1518147736787796, 0.1487473100423813, 0.14710015058517456, 0.14897038042545319], "val_loss": [0.24134944379329681, 0.22920827567577362, 0.21242612600326538, 0.19273695349693298, 0.18062418699264526, 0.16918349266052246, 0.1677810400724411, 0.16661427915096283, 0.1733207404613495, 0.16501756012439728]}