{"loss": [0.2086838036775589, 0.1882939487695694, 0.1875952035188675, 0.1871534287929535, 0.18756476044654846, 0.1878175288438797, 0.1871630996465683, 0.18673916161060333, 0.18685707449913025, 0.186766117811203], "val_loss": [0.2032581865787506, 0.20478872954845428, 0.20381377637386322, 0.20358136296272278, 0.2054847776889801, 0.20361436903476715, 0.20395302772521973, 0.20358923077583313, 0.20407502353191376, 0.2042512446641922]}