{"loss": [0.23211616277694702, 0.1741197258234024, 0.16085153818130493, 0.15749579668045044, 0.16000813245773315, 0.1587880551815033, 0.15785539150238037, 0.1575154960155487, 0.15803954005241394, 0.1570591926574707], "val_loss": [0.19081318378448486, 0.18192094564437866, 0.1731141358613968, 0.17509499192237854, 0.17887498438358307, 0.1742521971464157, 0.17169876396656036, 0.17621977627277374, 0.17536687850952148, 0.171788290143013]}