{"loss": [0.2405683845281601, 0.20777100324630737, 0.18262474238872528, 0.17854171991348267, 0.17255041003227234, 0.16443738341331482, 0.15762850642204285, 0.15410782396793365, 0.1528891623020172, 0.15246734023094177], "val_loss": [0.23113158345222473, 0.19993481040000916, 0.1986960619688034, 0.1916484832763672, 0.1859462708234787, 0.17747649550437927, 0.17133867740631104, 0.1705555021762848, 0.1685352772474289, 0.16760480403900146]}