{"loss": [0.20646527409553528, 0.15924574434757233, 0.15329968929290771, 0.15156190097332, 0.15178756415843964, 0.1496267318725586, 0.14987562596797943, 0.14864493906497955, 0.14764165878295898, 0.14779531955718994], "val_loss": [0.18104493618011475, 0.16996116936206818, 0.16664652526378632, 0.17352057993412018, 0.1672414094209671, 0.1687287539243698, 0.16702550649642944, 0.17152228951454163, 0.16481618583202362, 0.16495998203754425]}