{"loss": [0.2486945539712906, 0.2459246814250946, 0.24318303167819977, 0.24050843715667725, 0.2379191517829895, 0.23549015820026398, 0.23312456905841827, 0.2308294028043747, 0.22865945100784302, 0.2266378253698349], "val_loss": [0.24752604961395264, 0.24512673914432526, 0.2428213506937027, 0.24061346054077148, 0.23852130770683289, 0.23637570440769196, 0.2343631535768509, 0.23253609240055084, 0.23080308735370636, 0.22908054292201996]}