{"loss": [0.27928340435028076, 0.26791876554489136, 0.25819042325019836, 0.24917754530906677, 0.24049977958202362, 0.23254616558551788, 0.22546648979187012, 0.21900157630443573, 0.21327535808086395, 0.20853698253631592], "val_loss": [0.2701779305934906, 0.2610853314399719, 0.25295454263687134, 0.24517633020877838, 0.2381167709827423, 0.2315046787261963, 0.22605159878730774, 0.22104205191135406, 0.2169230878353119, 0.21353134512901306]}