{"loss": [0.26781266927719116, 0.20076224207878113, 0.18586331605911255, 0.18407760560512543, 0.18415461480617523, 0.18362341821193695, 0.1835019290447235, 0.18313641846179962, 0.18308891355991364, 0.1826932430267334], "val_loss": [0.22161903977394104, 0.20017705857753754, 0.19942137598991394, 0.19954949617385864, 0.1994456648826599, 0.1998327672481537, 0.19960789382457733, 0.19888567924499512, 0.1984802782535553, 0.19884105026721954]}