{"loss": [0.21893712878227234, 0.1595882773399353, 0.1528060883283615, 0.15402178466320038, 0.15235039591789246, 0.1514003425836563, 0.15199197828769684, 0.15214581787586212, 0.151234969496727, 0.15171000361442566], "val_loss": [0.1854783594608307, 0.1696757674217224, 0.1743457317352295, 0.16703596711158752, 0.16408459842205048, 0.16295596957206726, 0.16391626000404358, 0.1649390459060669, 0.16238445043563843, 0.16357742249965668]}