{"loss": [0.24817919731140137, 0.24152053892612457, 0.2178535908460617, 0.17714475095272064, 0.15622489154338837, 0.15212023258209229, 0.14815467596054077, 0.1480676233768463, 0.1446363478899002, 0.1479240357875824], "val_loss": [0.24613627791404724, 0.2359858602285385, 0.20306727290153503, 0.17835265398025513, 0.17849257588386536, 0.1638585478067398, 0.16185811161994934, 0.16363230347633362, 0.17916521430015564, 0.1631454974412918]}