{"loss": [0.24206127226352692, 0.16392043232917786, 0.1539548933506012, 0.1533551663160324, 0.15212661027908325, 0.15215547382831573, 0.15193216502666473, 0.15212073922157288, 0.1521044671535492, 0.15230394899845123], "val_loss": [0.201687753200531, 0.17115481197834015, 0.16796062886714935, 0.16635338962078094, 0.1641455590724945, 0.1657216101884842, 0.1662941724061966, 0.16744837164878845, 0.16495771706104279, 0.16598369181156158]}