{"loss": [0.21773815155029297, 0.18720482289791107, 0.18877655267715454, 0.1870364099740982, 0.18895593285560608, 0.18912674486637115, 0.1873733103275299, 0.18705281615257263, 0.18684010207653046, 0.18748454749584198], "val_loss": [0.2159097045660019, 0.20289160311222076, 0.2049059122800827, 0.20596276223659515, 0.21695178747177124, 0.20278821885585785, 0.20248828828334808, 0.20435447990894318, 0.20854529738426208, 0.2039738893508911]}