{"loss": [0.24871544539928436, 0.24595089256763458, 0.24322274327278137, 0.24056410789489746, 0.2379995882511139, 0.23557302355766296, 0.2332141101360321, 0.23093515634536743, 0.22877489030361176, 0.22674912214279175], "val_loss": [0.24767303466796875, 0.24528667330741882, 0.24299994111061096, 0.24085339903831482, 0.23872849345207214, 0.23664499819278717, 0.234620600938797, 0.232774555683136, 0.23102456331253052, 0.22933080792427063]}