{"loss": [0.2464766502380371, 0.23899829387664795, 0.2323853224515915, 0.2266964465379715, 0.2216838151216507, 0.21734143793582916, 0.21348445117473602, 0.21010787785053253, 0.20719072222709656, 0.20469537377357483], "val_loss": [0.2433192878961563, 0.23722682893276215, 0.23204094171524048, 0.22754569351673126, 0.22370263934135437, 0.22034215927124023, 0.21744345128536224, 0.21497929096221924, 0.21289920806884766, 0.21108512580394745]}