{"loss": [0.2336994856595993, 0.20213335752487183, 0.18225206434726715, 0.1781643033027649, 0.17526394128799438, 0.1711888611316681, 0.16703571379184723, 0.16284584999084473, 0.15989133715629578, 0.15754932165145874], "val_loss": [0.22242483496665955, 0.20097126066684723, 0.19887876510620117, 0.19440120458602905, 0.19160982966423035, 0.18746739625930786, 0.18268023431301117, 0.1779346466064453, 0.1748625636100769, 0.17378732562065125]}