{"loss": [0.22243371605873108, 0.18026094138622284, 0.1787009835243225, 0.17400334775447845, 0.17240425944328308, 0.16366729140281677, 0.15920835733413696, 0.1583356261253357, 0.1589050143957138, 0.1580391824245453], "val_loss": [0.20466648042201996, 0.1928706020116806, 0.1897672414779663, 0.18582384288311005, 0.18710510432720184, 0.18179509043693542, 0.17854447662830353, 0.18204116821289062, 0.18108077347278595, 0.1786104440689087]}