{"loss": [0.23821821808815002, 0.22272948920726776, 0.20894257724285126, 0.1977706402540207, 0.18971982598304749, 0.18315424025058746, 0.17735372483730316, 0.1723293662071228, 0.170033261179924, 0.1663386970758438], "val_loss": [0.23194244503974915, 0.21966540813446045, 0.20955422520637512, 0.20160037279129028, 0.1955549567937851, 0.19045718014240265, 0.18500034511089325, 0.18066935241222382, 0.17786522209644318, 0.17673605680465698]}