{"loss": [0.21198272705078125, 0.2023739218711853, 0.19386287033557892, 0.1905520260334015, 0.19071385264396667, 0.18997898697853088, 0.1899344027042389, 0.1896107792854309, 0.18965548276901245, 0.18941044807434082], "val_loss": [0.23337358236312866, 0.21973763406276703, 0.2098817676305771, 0.20668065547943115, 0.20661431550979614, 0.20716355741024017, 0.2070675939321518, 0.20644575357437134, 0.20609484612941742, 0.20671793818473816]}