{"loss": [0.23653358221054077, 0.2223431020975113, 0.20859119296073914, 0.19697441160678864, 0.18837451934814453, 0.18251273036003113, 0.17906194925308228, 0.17662149667739868, 0.1747773289680481, 0.17296874523162842], "val_loss": [0.2348560243844986, 0.22376450896263123, 0.21427543461322784, 0.20730996131896973, 0.20250028371810913, 0.19916434586048126, 0.19715654850006104, 0.19519715011119843, 0.19309139251708984, 0.19171704351902008]}