{"loss": [0.2503197491168976, 0.2460220754146576, 0.24320168793201447, 0.24053385853767395, 0.23794952034950256, 0.23552383482456207, 0.2331605702638626, 0.23086683452129364, 0.22869794070720673, 0.2266768366098404], "val_loss": [0.2478211373090744, 0.24513962864875793, 0.24284057319164276, 0.2406376302242279, 0.23854874074459076, 0.23640550673007965, 0.23439443111419678, 0.23256821930408478, 0.23083564639091492, 0.22911322116851807]}