{"loss": [0.24869823455810547, 0.24592500925064087, 0.24318335950374603, 0.2405088245868683, 0.23791944980621338, 0.23549050092697144, 0.23312491178512573, 0.23082971572875977, 0.22865982353687286, 0.22663813829421997], "val_loss": [0.24752628803253174, 0.24512703716754913, 0.24282164871692657, 0.24061375856399536, 0.23852160573005676, 0.23637598752975464, 0.23436345160007477, 0.23253637552261353, 0.23080334067344666, 0.22908078134059906]}