{"loss": [0.25210171937942505, 0.2459816187620163, 0.24326512217521667, 0.24060603976249695, 0.23802673816680908, 0.23560379445552826, 0.23324212431907654, 0.230949267745018, 0.2287803441286087, 0.22675859928131104], "val_loss": [0.24756234884262085, 0.2451898604631424, 0.24290043115615845, 0.2407023012638092, 0.23861625790596008, 0.2364746630191803, 0.23446419835090637, 0.23263780772686005, 0.23090463876724243, 0.22918125987052917]}