{"loss": [0.6844870448112488, 0.6576138138771057, 0.6158832907676697, 0.5557565093040466, 0.501473605632782, 0.47265127301216125, 0.46566295623779297, 0.46377238631248474, 0.4605724513530731, 0.4619199335575104], "val_loss": [0.6755726337432861, 0.6471202373504639, 0.6027346849441528, 0.5549881458282471, 0.515952467918396, 0.5093056559562683, 0.4995080232620239, 0.5015523433685303, 0.4965987503528595, 0.4929061233997345]}