{"loss": [0.2372434139251709, 0.20993046462535858, 0.18699614703655243, 0.18234971165657043, 0.18189862370491028, 0.17969749867916107, 0.17748701572418213, 0.17470131814479828, 0.1714800000190735, 0.16718171536922455], "val_loss": [0.22670312225818634, 0.20308591425418854, 0.1984724998474121, 0.19701771438121796, 0.19576740264892578, 0.19428567588329315, 0.19158613681793213, 0.18811927735805511, 0.18435406684875488, 0.1797609031200409]}