{"loss": [0.20191985368728638, 0.17796511948108673, 0.17863008379936218, 0.1765516847372055, 0.1760978251695633, 0.17559348046779633, 0.1721808761358261, 0.168868750333786, 0.16501738131046295, 0.16090166568756104], "val_loss": [0.2059716135263443, 0.19378045201301575, 0.1947205662727356, 0.1927497833967209, 0.19952094554901123, 0.18761715292930603, 0.1846354901790619, 0.18134373426437378, 0.18070100247859955, 0.17226800322532654]}