{"loss": [0.24319659173488617, 0.20863623917102814, 0.16853992640972137, 0.1572214514017105, 0.15763169527053833, 0.1580113172531128, 0.15609034895896912, 0.1560586839914322, 0.15631034970283508, 0.1556471884250641], "val_loss": [0.23276002705097198, 0.19897180795669556, 0.18049483001232147, 0.1812828779220581, 0.18472431600093842, 0.17953573167324066, 0.1800319105386734, 0.18272848427295685, 0.1812538206577301, 0.18077470362186432]}