{"loss": [0.24109762907028198, 0.22797994315624237, 0.2161131650209427, 0.20542193949222565, 0.19726496934890747, 0.19209307432174683, 0.18886025249958038, 0.18672296404838562, 0.18565158545970917, 0.1847698986530304], "val_loss": [0.23571808636188507, 0.22567713260650635, 0.21715368330478668, 0.21004769206047058, 0.2061060518026352, 0.2040647268295288, 0.20316100120544434, 0.20259933173656464, 0.20220479369163513, 0.202193021774292]}