{"loss": [0.24961434304714203, 0.2490578591823578, 0.24866120517253876, 0.2483389675617218, 0.24805602431297302, 0.24780337512493134, 0.24757002294063568, 0.24735426902770996, 0.24715393781661987, 0.24696749448776245], "val_loss": [0.2493714541196823, 0.2489810287952423, 0.24867714941501617, 0.2484162598848343, 0.24818584322929382, 0.2479741871356964, 0.24778017401695251, 0.2476007342338562, 0.2474340945482254, 0.24727588891983032]}