{"loss": [0.7182581424713135, 0.6939314603805542, 0.6132495403289795, 0.38724422454833984, 0.1974124312400818, 0.1865817755460739, 0.18675115704536438, 0.18659523129463196, 0.18668179214000702, 0.18653875589370728], "val_loss": [0.6839245557785034, 0.64443439245224, 0.5015277862548828, 0.2436874955892563, 0.2027437686920166, 0.2043359875679016, 0.20446167886257172, 0.20396137237548828, 0.20355789363384247, 0.2039247453212738]}