{"loss": [0.21925385296344757, 0.18871398270130157, 0.18977375328540802, 0.1878705769777298, 0.18907415866851807, 0.18912993371486664, 0.1872035264968872, 0.18631038069725037, 0.1851978898048401, 0.1850222498178482], "val_loss": [0.21734116971492767, 0.2038775533437729, 0.20562119781970978, 0.20524774491786957, 0.21642646193504333, 0.20228371024131775, 0.20144589245319366, 0.2023124098777771, 0.20666807889938354, 0.20047177374362946]}