{"loss": [0.24818511307239532, 0.2452608197927475, 0.24231785535812378, 0.23939712345600128, 0.23650218546390533, 0.2336799055337906, 0.23085959255695343, 0.22795921564102173, 0.22489424049854279, 0.2215401828289032], "val_loss": [0.2473803609609604, 0.24493001401424408, 0.24256011843681335, 0.2402815818786621, 0.23810046911239624, 0.2357839196920395, 0.23352591693401337, 0.23133277893066406, 0.22893215715885162, 0.22610688209533691]}