{"loss": [0.2110769897699356, 0.20168420672416687, 0.19689491391181946, 0.1940668374300003, 0.1923726350069046, 0.19124969840049744, 0.19061428308486938, 0.1900358945131302, 0.1897525191307068, 0.18956251442432404], "val_loss": [0.21288464963436127, 0.20818451046943665, 0.20572707056999207, 0.2045966535806656, 0.20399029552936554, 0.20373539626598358, 0.20361550152301788, 0.20361840724945068, 0.20368452370166779, 0.20377232134342194]}