{"loss": [0.24788212776184082, 0.2306269109249115, 0.19226600229740143, 0.18947945535182953, 0.19078032672405243, 0.1908872425556183, 0.19010964035987854, 0.18941660225391388, 0.18936584889888763, 0.1894824206829071], "val_loss": [0.24360893666744232, 0.21071061491966248, 0.20399144291877747, 0.20484018325805664, 0.2095503956079483, 0.2036305069923401, 0.20508573949337006, 0.20455734431743622, 0.20574742555618286, 0.20495261251926422]}