{"loss": [0.2158922404050827, 0.1827859729528427, 0.18137836456298828, 0.1763620376586914, 0.17391857504844666, 0.1708744466304779, 0.1675599217414856, 0.16580775380134583, 0.16492128372192383, 0.16447505354881287], "val_loss": [0.19915583729743958, 0.19332535564899445, 0.18873484432697296, 0.1823660433292389, 0.18513955175876617, 0.172222301363945, 0.16969087719917297, 0.16969552636146545, 0.17318229377269745, 0.1671992391347885]}