{"loss": [0.1546524316072464, 0.1540442854166031, 0.15370333194732666, 0.15350280702114105, 0.15346820652484894, 0.15311868488788605, 0.15300200879573822, 0.15277621150016785, 0.1527494341135025, 0.15250815451145172], "val_loss": [0.16723684966564178, 0.1666453629732132, 0.1661786288022995, 0.16580212116241455, 0.16554531455039978, 0.16550889611244202, 0.16542144119739532, 0.16521155834197998, 0.16499704122543335, 0.16496701538562775]}