{"loss": [0.24681726098060608, 0.24221841990947723, 0.23465953767299652, 0.22641882300376892, 0.2186875343322754, 0.2118692547082901, 0.2060026079416275, 0.20128971338272095, 0.19793818891048431, 0.19552302360534668], "val_loss": [0.2458067238330841, 0.24013598263263702, 0.2330143302679062, 0.22638200223445892, 0.22059954702854156, 0.2152036726474762, 0.21114498376846313, 0.2084178328514099, 0.20645253360271454, 0.20514479279518127]}