{"loss": [0.24585363268852234, 0.2392721027135849, 0.23314878344535828, 0.22737859189510345, 0.22193723917007446, 0.21699939668178558, 0.21104732155799866, 0.20160692930221558, 0.19455625116825104, 0.18902157247066498], "val_loss": [0.2420194298028946, 0.2358153611421585, 0.23028850555419922, 0.2253967523574829, 0.22102652490139008, 0.21683454513549805, 0.20992951095104218, 0.20323242247104645, 0.19849224388599396, 0.19491830468177795]}