{"loss": [0.21725788712501526, 0.1890258938074112, 0.19002024829387665, 0.1894206702709198, 0.19151049852371216, 0.1914808303117752, 0.19018042087554932, 0.18970023095607758, 0.19001871347427368, 0.18990857899188995], "val_loss": [0.21772615611553192, 0.20386794209480286, 0.20473267138004303, 0.20517954230308533, 0.21632979810237885, 0.20366685092449188, 0.20394134521484375, 0.20609821379184723, 0.20713448524475098, 0.20479337871074677]}