{"loss": [0.1783551126718521, 0.17623259127140045, 0.17553652822971344, 0.17418304085731506, 0.1734149307012558, 0.1724044531583786, 0.17013832926750183, 0.16782864928245544, 0.16577143967151642, 0.1629590392112732], "val_loss": [0.19259335100650787, 0.19160480797290802, 0.19087423384189606, 0.18902358412742615, 0.18936575949192047, 0.1863999217748642, 0.18398267030715942, 0.18116526305675507, 0.1788649708032608, 0.17497672140598297]}