{"loss": [0.2529160976409912, 0.2528679072856903, 0.25281018018722534, 0.2527385652065277, 0.25264960527420044, 0.25253695249557495, 0.2523806691169739, 0.2521718740463257, 0.25192469358444214, 0.25156062841415405], "val_loss": [0.28462305665016174, 0.28462517261505127, 0.2846284806728363, 0.2846331000328064, 0.2846389412879944, 0.2846470773220062, 0.2846599519252777, 0.2846774160861969, 0.2846998870372772, 0.28472137451171875]}