{"loss": [0.24869655072689056, 0.24592499434947968, 0.24318334460258484, 0.2405087947845459, 0.237919420003891, 0.23549048602581024, 0.23312488198280334, 0.23082968592643738, 0.22865979373455048, 0.2266380935907364], "val_loss": [0.24752631783485413, 0.24512703716754913, 0.24282163381576538, 0.24061375856399536, 0.23852160573005676, 0.23637595772743225, 0.23436342179775238, 0.23253634572029114, 0.23080334067344666, 0.22908078134059906]}