{"loss": [0.21933625638484955, 0.1738416701555252, 0.16415400803089142, 0.1576334834098816, 0.15300358831882477, 0.15266907215118408, 0.15205508470535278, 0.15111646056175232, 0.15146394073963165, 0.1516861617565155], "val_loss": [0.1970568597316742, 0.18114373087882996, 0.17475301027297974, 0.16918888688087463, 0.1697324514389038, 0.1727491021156311, 0.16929477453231812, 0.17066273093223572, 0.16931015253067017, 0.16933812201023102]}