{"loss": [0.23604854941368103, 0.1925947666168213, 0.18546956777572632, 0.16673503816127777, 0.1624201387166977, 0.16046346724033356, 0.15728583931922913, 0.15554872155189514, 0.15536320209503174, 0.15320515632629395], "val_loss": [0.207517609000206, 0.20330289006233215, 0.1944681704044342, 0.18283459544181824, 0.18457795679569244, 0.1766577512025833, 0.17354752123355865, 0.17582808434963226, 0.17512774467468262, 0.17396925389766693]}