{"loss": [0.24857451021671295, 0.24479912221431732, 0.23660427331924438, 0.20700502395629883, 0.1841527670621872, 0.17001622915267944, 0.15888527035713196, 0.15669883787631989, 0.15638470649719238, 0.1563153713941574], "val_loss": [0.24710755050182343, 0.24291059374809265, 0.22920702397823334, 0.2047809660434723, 0.196615532040596, 0.1823897361755371, 0.17985740303993225, 0.18043404817581177, 0.18018759787082672, 0.18020731210708618]}