{"loss": [0.2486981451511383, 0.24592500925064087, 0.24318335950374603, 0.2405088245868683, 0.23791944980621338, 0.23549050092697144, 0.23312492668628693, 0.23082974553108215, 0.22865982353687286, 0.22663815319538116], "val_loss": [0.24752631783485413, 0.24512706696987152, 0.24282164871692657, 0.24061375856399536, 0.23852162063121796, 0.23637598752975464, 0.23436345160007477, 0.23253637552261353, 0.23080337047576904, 0.22908079624176025]}