{"loss": [0.24870462715625763, 0.241399347782135, 0.2154342383146286, 0.1843343824148178, 0.1802579015493393, 0.17751246690750122, 0.1751335859298706, 0.17279577255249023, 0.17049634456634521, 0.16782893240451813], "val_loss": [0.2475324422121048, 0.23289014399051666, 0.20206278562545776, 0.19360210001468658, 0.19075652956962585, 0.1879683881998062, 0.18516474962234497, 0.18192194402217865, 0.17867225408554077, 0.1757054626941681]}