{"loss": [0.2499965876340866, 0.24998927116394043, 0.24998173117637634, 0.24997417628765106, 0.2499663531780243, 0.24995775520801544, 0.2499489039182663, 0.2499401867389679, 0.2499314546585083, 0.24992281198501587], "val_loss": [0.24999354779720306, 0.24998700618743896, 0.2499803751707077, 0.2499735951423645, 0.24996639788150787, 0.24995864927768707, 0.24995096027851105, 0.24994350969791412, 0.2499355971813202, 0.24992778897285461]}