{"loss": [0.2396807074546814, 0.2301807552576065, 0.21992461383342743, 0.20927578210830688, 0.19915767014026642, 0.19078004360198975, 0.18445612490177155, 0.179840549826622, 0.17686231434345245, 0.1747756004333496], "val_loss": [0.23604761064052582, 0.22718419134616852, 0.21796438097953796, 0.20899565517902374, 0.20110225677490234, 0.1942819505929947, 0.18969018757343292, 0.18703317642211914, 0.18515492975711823, 0.18381232023239136]}