{"loss": [0.2514262795448303, 0.24701721966266632, 0.2428639531135559, 0.23932360112667084, 0.23623406887054443, 0.233498215675354, 0.2308759242296219, 0.22831140458583832, 0.2259029895067215, 0.2235443890094757], "val_loss": [0.24643707275390625, 0.2431977540254593, 0.2403252273797989, 0.2377764880657196, 0.2353644222021103, 0.23291796445846558, 0.23061048984527588, 0.22851625084877014, 0.22649632394313812, 0.22446617484092712]}