{"loss": [0.24705839157104492, 0.24138347804546356, 0.23709037899971008, 0.2335987240076065, 0.23053811490535736, 0.22783729434013367, 0.22537223994731903, 0.2231198400259018, 0.22106896340847015, 0.21920514106750488], "val_loss": [0.24453026056289673, 0.24038565158843994, 0.23712605237960815, 0.23436272144317627, 0.2319359928369522, 0.22975915670394897, 0.2277979999780655, 0.22602161765098572, 0.22441375255584717, 0.22292570769786835]}