{"loss": [0.24799303710460663, 0.24067822098731995, 0.23170427978038788, 0.21923603117465973, 0.18712732195854187, 0.19062374532222748, 0.190101757645607, 0.18957805633544922, 0.18980184197425842, 0.1895713359117508], "val_loss": [0.24516978859901428, 0.23793791234493256, 0.22960716485977173, 0.2125045210123062, 0.20483478903770447, 0.20367784798145294, 0.2039724886417389, 0.20565102994441986, 0.2062685638666153, 0.2047925442457199]}