{"loss": [0.24081812798976898, 0.2304098755121231, 0.2188996523618698, 0.20657677948474884, 0.19466668367385864, 0.18473006784915924, 0.17710340023040771, 0.170982226729393, 0.16688217222690582, 0.1643865406513214], "val_loss": [0.23772382736206055, 0.22849000990390778, 0.2188265472650528, 0.20924043655395508, 0.20109272003173828, 0.1945628523826599, 0.1894627809524536, 0.1855056881904602, 0.1830870658159256, 0.18214385211467743]}