{"loss": [0.24880963563919067, 0.24592731893062592, 0.24318663775920868, 0.24051262438297272, 0.23792362213134766, 0.23549485206604004, 0.23312941193580627, 0.2308342605829239, 0.22866438329219818, 0.22664275765419006], "val_loss": [0.2475278377532959, 0.2451295703649521, 0.2428247630596161, 0.24061724543571472, 0.23852527141571045, 0.23637978732585907, 0.23436732590198517, 0.2325402796268463, 0.23080721497535706, 0.22908461093902588]}