{"loss": [0.22067596018314362, 0.1823602318763733, 0.18000295758247375, 0.1743263304233551, 0.17094194889068604, 0.16382035613059998, 0.15924710035324097, 0.15831737220287323, 0.15887266397476196, 0.15795083343982697], "val_loss": [0.19520461559295654, 0.19389840960502625, 0.19304536283016205, 0.1867295205593109, 0.18796293437480927, 0.18083330988883972, 0.17813915014266968, 0.18088437616825104, 0.17980347573757172, 0.17703108489513397]}