{"loss": [0.24737469851970673, 0.24137164652347565, 0.23528873920440674, 0.22923524677753448, 0.22336262464523315, 0.21800073981285095, 0.2130223959684372, 0.2084953337907791, 0.20460650324821472, 0.2014158070087433], "val_loss": [0.24493151903152466, 0.23964214324951172, 0.23451848328113556, 0.2296338528394699, 0.22511303424835205, 0.22063861787319183, 0.21678957343101501, 0.21371765434741974, 0.21115733683109283, 0.20894794166088104]}