{"loss": [0.23571699857711792, 0.19760021567344666, 0.16992025077342987, 0.1561618596315384, 0.15244345366954803, 0.1520719677209854, 0.15201415121555328, 0.15183749794960022, 0.15108658373355865, 0.1518017202615738], "val_loss": [0.2219078242778778, 0.19308997690677643, 0.17466217279434204, 0.16470254957675934, 0.16342206299304962, 0.1654978096485138, 0.1623895764350891, 0.16320134699344635, 0.16261418163776398, 0.16249875724315643]}