{"loss": [0.22816625237464905, 0.18929514288902283, 0.18835103511810303, 0.1846836507320404, 0.18295982480049133, 0.18094083666801453, 0.17520178854465485, 0.1685340851545334, 0.1648707240819931, 0.16296780109405518], "val_loss": [0.2050277441740036, 0.20433256030082703, 0.20569950342178345, 0.2021111398935318, 0.20762863755226135, 0.19691592454910278, 0.19229066371917725, 0.18770696222782135, 0.18690359592437744, 0.18279990553855896]}