{"loss": [0.24873699247837067, 0.24592600762844086, 0.24318479001522064, 0.24051043391227722, 0.23792125284671783, 0.23549236357212067, 0.23312684893608093, 0.23083166778087616, 0.22866176068782806, 0.22664009034633636], "val_loss": [0.24752698838710785, 0.24512813985347748, 0.24282296001911163, 0.24061521887779236, 0.23852317035198212, 0.23637759685516357, 0.2343650758266449, 0.23253802955150604, 0.23080499470233917, 0.2290824055671692]}