{"loss": [0.2327929139137268, 0.21610704064369202, 0.20127932727336884, 0.1895136684179306, 0.18130779266357422, 0.17662568390369415, 0.17429979145526886, 0.17231082916259766, 0.1709078550338745, 0.1693734973669052], "val_loss": [0.2255202829837799, 0.2117248773574829, 0.20102129876613617, 0.1934352070093155, 0.18899047374725342, 0.18659989535808563, 0.18527202308177948, 0.18406128883361816, 0.18290795385837555, 0.18205727636814117]}