{"loss": [0.24869374930858612, 0.24592481553554535, 0.2431831657886505, 0.2405085414648056, 0.23791927099227905, 0.23549021780490875, 0.23312467336654663, 0.23082949221134186, 0.22865955531597137, 0.22663789987564087], "val_loss": [0.24752622842788696, 0.2451268583536148, 0.24282141029834747, 0.24061354994773865, 0.23852139711380005, 0.23637576401233673, 0.23436324298381805, 0.2325361669063568, 0.23080311715602875, 0.22908060252666473]}