{"loss": [0.22321717441082, 0.17337729036808014, 0.15704356133937836, 0.152866929769516, 0.15134331583976746, 0.14999130368232727, 0.14953693747520447, 0.14904846251010895, 0.14884339272975922, 0.14922469854354858], "val_loss": [0.19954094290733337, 0.18196333944797516, 0.16838084161281586, 0.16922712326049805, 0.16538946330547333, 0.16793982684612274, 0.16600501537322998, 0.16868257522583008, 0.1654306948184967, 0.16566115617752075]}