{"loss": [0.21509358286857605, 0.1981431543827057, 0.18913322687149048, 0.188282772898674, 0.18847262859344482, 0.18802450597286224, 0.18790431320667267, 0.1875610202550888, 0.18763065338134766, 0.1873904913663864], "val_loss": [0.23327375948429108, 0.21148590743541718, 0.20454800128936768, 0.20397835969924927, 0.2043680101633072, 0.20489093661308289, 0.20464715361595154, 0.2039991021156311, 0.2037736177444458, 0.20447881519794464]}