{"loss": [0.22973567247390747, 0.16439731419086456, 0.15657737851142883, 0.1577041894197464, 0.15580908954143524, 0.15446837246418, 0.15404509007930756, 0.15378068387508392, 0.15335141122341156, 0.15340477228164673], "val_loss": [0.19006268680095673, 0.17958305776119232, 0.19113588333129883, 0.16724234819412231, 0.16543447971343994, 0.16875600814819336, 0.16542941331863403, 0.1660793572664261, 0.16417405009269714, 0.1622103899717331]}