{"loss": [0.4954959750175476, 0.4806061089038849, 0.45417359471321106, 0.3997604250907898, 0.3165087401866913, 0.26095935702323914, 0.23431794345378876, 0.21568895876407623, 0.2051292061805725, 0.20761527121067047], "val_loss": [0.4906303882598877, 0.47396692633628845, 0.4405405819416046, 0.37621837854385376, 0.30959272384643555, 0.2869289517402649, 0.26010605692863464, 0.2425047755241394, 0.2338571697473526, 0.23223185539245605]}