{"loss": [0.24571658670902252, 0.2231111377477646, 0.18283669650554657, 0.17571578919887543, 0.17139947414398193, 0.16774961352348328, 0.16299915313720703, 0.1598263382911682, 0.15818609297275543, 0.1569867879152298], "val_loss": [0.23977166414260864, 0.20308281481266022, 0.19475442171096802, 0.18693649768829346, 0.18536829948425293, 0.1773614138364792, 0.17399632930755615, 0.17090386152267456, 0.17064231634140015, 0.17063122987747192]}