{"loss": [0.2453107386827469, 0.22444778680801392, 0.20647893846035004, 0.19095708429813385, 0.1812470257282257, 0.17733637988567352, 0.17564372718334198, 0.17404906451702118, 0.1727188378572464, 0.17107954621315002], "val_loss": [0.23513026535511017, 0.21847960352897644, 0.20395074784755707, 0.1939864605665207, 0.1893545687198639, 0.1876184642314911, 0.18632256984710693, 0.18449163436889648, 0.1826144903898239, 0.18121816217899323]}