{"loss": [0.1976647675037384, 0.18708115816116333, 0.188823863863945, 0.18736524879932404, 0.18801797926425934, 0.18917271494865417, 0.18795011937618256, 0.18688452243804932, 0.18651239573955536, 0.1870618611574173], "val_loss": [0.2073403149843216, 0.20326393842697144, 0.20537124574184418, 0.20500460267066956, 0.2135806381702423, 0.20295171439647675, 0.2034376859664917, 0.20522825419902802, 0.2081054300069809, 0.2039460837841034]}