{"loss": [0.21897900104522705, 0.21168991923332214, 0.20453549921512604, 0.19745798408985138, 0.19147567451000214, 0.18688225746154785, 0.18325580656528473, 0.1803557276725769, 0.17817603051662445, 0.1763964742422104], "val_loss": [0.21914562582969666, 0.21238182485103607, 0.2051205039024353, 0.1984124630689621, 0.19295480847358704, 0.18823084235191345, 0.18476535379886627, 0.18225425481796265, 0.18028070032596588, 0.17866076529026031]}