{"loss": [0.3036966025829315, 0.2868044674396515, 0.27200230956077576, 0.25931718945503235, 0.2490907460451126, 0.24154509603977203, 0.23607560992240906, 0.2327600121498108, 0.23013117909431458, 0.22785848379135132], "val_loss": [0.290585458278656, 0.27586111426353455, 0.2631323039531708, 0.2528090476989746, 0.2448548972606659, 0.23894678056240082, 0.23600195348262787, 0.23388716578483582, 0.23194968700408936, 0.23017142713069916]}