{"loss": [0.24301572144031525, 0.21695691347122192, 0.18323665857315063, 0.1630232334136963, 0.1589592546224594, 0.1597718894481659, 0.1579432636499405, 0.15712101757526398, 0.1569412797689438, 0.15676845610141754], "val_loss": [0.23370082676410675, 0.2050524652004242, 0.1858765035867691, 0.17574092745780945, 0.18122321367263794, 0.17774873971939087, 0.176979660987854, 0.17503014206886292, 0.1748548299074173, 0.17504647374153137]}