{"loss": [0.24309387803077698, 0.21385812759399414, 0.18472766876220703, 0.18212436139583588, 0.18071790039539337, 0.17918942868709564, 0.17540030181407928, 0.17035314440727234, 0.1642143875360489, 0.1569354087114334], "val_loss": [0.23420201241970062, 0.1996764838695526, 0.1995876580476761, 0.19604845345020294, 0.19720487296581268, 0.19143573939800262, 0.18826259672641754, 0.18219159543514252, 0.17577408254146576, 0.16856949031352997]}