{"loss": [0.24828211963176727, 0.2444528490304947, 0.24059130251407623, 0.23658190667629242, 0.23240740597248077, 0.22729650139808655, 0.21966880559921265, 0.2116709053516388, 0.2044360190629959, 0.19832958281040192], "val_loss": [0.24703152477741241, 0.24389316141605377, 0.24081109464168549, 0.23771022260189056, 0.2346140593290329, 0.22928236424922943, 0.22325189411640167, 0.21829400956630707, 0.2139381766319275, 0.20998653769493103]}