{"loss": [0.23078924417495728, 0.17924197018146515, 0.1600973755121231, 0.15885978937149048, 0.1635359674692154, 0.15925011038780212, 0.1583820879459381, 0.1580105423927307, 0.1592092514038086, 0.15874408185482025], "val_loss": [0.21166843175888062, 0.17764292657375336, 0.17486856877803802, 0.17918792366981506, 0.17647889256477356, 0.17750680446624756, 0.17309769988059998, 0.17495767772197723, 0.18202988803386688, 0.17339354753494263]}