{"loss": [0.7468193173408508, 0.7468193173408508, 0.7468193173408508, 0.7468193173408508, 0.7468193173408508, 0.7468193173408508, 0.7468193173408508, 0.7468193173408508, 0.7468193173408508, 0.7468193173408508], "val_loss": [0.7153846025466919, 0.7153846025466919, 0.7153846025466919, 0.7153846025466919, 0.7153846025466919, 0.7153846025466919, 0.7153846025466919, 0.7153846025466919, 0.7153846025466919, 0.7153846025466919]}