{"loss": [0.22530828416347504, 0.18278729915618896, 0.15865258872509003, 0.15319333970546722, 0.15446928143501282, 0.15358221530914307, 0.15271975100040436, 0.1524094194173813, 0.15170635282993317, 0.15270651876926422], "val_loss": [0.20371386408805847, 0.18235382437705994, 0.16264674067497253, 0.16542160511016846, 0.16588066518306732, 0.16472987830638885, 0.16312745213508606, 0.1661614328622818, 0.173187255859375, 0.16531476378440857]}