{"loss": [0.2436150163412094, 0.22493813931941986, 0.20051932334899902, 0.19016467034816742, 0.18860049545764923, 0.18480344116687775, 0.18012019991874695, 0.17386473715305328, 0.1684599369764328, 0.16402491927146912], "val_loss": [0.23598022758960724, 0.21475325524806976, 0.20292875170707703, 0.2025424838066101, 0.2004915177822113, 0.19810596108436584, 0.19307288527488708, 0.18748821318149567, 0.18340831995010376, 0.18134644627571106]}