{"loss": [0.24487242102622986, 0.2179417759180069, 0.18533958494663239, 0.16896715760231018, 0.16248071193695068, 0.16027876734733582, 0.15933933854103088, 0.15925990045070648, 0.15985049307346344, 0.15891484916210175], "val_loss": [0.23680223524570465, 0.20490841567516327, 0.18884241580963135, 0.1758337765932083, 0.17753775417804718, 0.17363129556179047, 0.17293280363082886, 0.17464178800582886, 0.17585688829421997, 0.17364433407783508]}