{"loss": [0.20600159466266632, 0.15914671123027802, 0.15508995950222015, 0.15211516618728638, 0.15251301229000092, 0.15094168484210968, 0.1518256813287735, 0.15041038393974304, 0.14933215081691742, 0.1490243524312973], "val_loss": [0.17965956032276154, 0.17174604535102844, 0.16871601343154907, 0.17460620403289795, 0.16939979791641235, 0.17149598896503448, 0.17058065533638, 0.17374660074710846, 0.16647309064865112, 0.1658225953578949]}