{"loss": [0.24947164952754974, 0.2459380328655243, 0.24320296943187714, 0.2405325025320053, 0.2379458248615265, 0.2355184406042099, 0.23315390944480896, 0.2308594286441803, 0.22868973016738892, 0.22666814923286438], "val_loss": [0.2475343495607376, 0.2451418936252594, 0.24284067749977112, 0.24063540995121002, 0.23854489624500275, 0.23640035092830658, 0.23438841104507446, 0.23256157338619232, 0.23082855343818665, 0.22910581529140472]}