{"loss": [0.2487354874610901, 0.24592572450637817, 0.24318434298038483, 0.24050994217395782, 0.23792079091072083, 0.2354918271303177, 0.23312629759311676, 0.23083116114139557, 0.22866123914718628, 0.2266395539045334], "val_loss": [0.24752677977085114, 0.2451278269290924, 0.2428225725889206, 0.24061481654644012, 0.2385227531194687, 0.23637713491916656, 0.23436464369297028, 0.23253756761550903, 0.23080456256866455, 0.22908200323581696]}