{"loss": [0.24588333070278168, 0.22119426727294922, 0.18183040618896484, 0.1779480129480362, 0.17637591063976288, 0.17374344170093536, 0.16935449838638306, 0.16571994125843048, 0.1635456085205078, 0.16118267178535461], "val_loss": [0.2399892359972, 0.19744479656219482, 0.1930629462003708, 0.18961864709854126, 0.1904888153076172, 0.18417629599571228, 0.18163198232650757, 0.17921912670135498, 0.17788545787334442, 0.17591753602027893]}