{"loss": [0.2486959546804428, 0.24592064321041107, 0.24317196011543274, 0.24049006402492523, 0.2378835380077362, 0.23544684052467346, 0.23306192457675934, 0.2307412326335907, 0.2285410761833191, 0.2264723777770996], "val_loss": [0.24752622842788696, 0.24512682855129242, 0.24282531440258026, 0.2406293749809265, 0.23853230476379395, 0.23639309406280518, 0.23436035215854645, 0.2325567752122879, 0.23085016012191772, 0.2291332483291626]}