{"loss": [0.24388648569583893, 0.22811590135097504, 0.20754393935203552, 0.19251912832260132, 0.18970991671085358, 0.18840011954307556, 0.18776272237300873, 0.18719270825386047, 0.1869533658027649, 0.18656665086746216], "val_loss": [0.23773761093616486, 0.22159186005592346, 0.2069912552833557, 0.2046307623386383, 0.20451699197292328, 0.20443345606327057, 0.20409971475601196, 0.2033648043870926, 0.20347507297992706, 0.20392033457756042]}