{"loss": [0.16254091262817383, 0.1540747582912445, 0.15135736763477325, 0.15151549875736237, 0.1509665548801422, 0.15091107785701752, 0.15069973468780518, 0.1504451334476471, 0.150368332862854, 0.14980556070804596], "val_loss": [0.17894528806209564, 0.17174038290977478, 0.16984149813652039, 0.1686207354068756, 0.16997089982032776, 0.168561652302742, 0.16847091913223267, 0.16810494661331177, 0.16886284947395325, 0.16711443662643433]}