{"loss": [0.24870753288269043, 0.24592475593090057, 0.2431831806898117, 0.24050869047641754, 0.2379193902015686, 0.23549047112464905, 0.23312491178512573, 0.23082974553108215, 0.22865988314151764, 0.22663821280002594], "val_loss": [0.24752604961395264, 0.24512682855129242, 0.24282151460647583, 0.2406136691570282, 0.23852156102657318, 0.23637598752975464, 0.23436351120471954, 0.2325364500284195, 0.23080341517925262, 0.22908084094524384]}