{"loss": [0.2483930140733719, 0.24509365856647491, 0.24192097783088684, 0.23858417570590973, 0.2349521517753601, 0.23072928190231323, 0.22586999833583832, 0.2215520441532135, 0.2178255170583725, 0.21426963806152344], "val_loss": [0.2470913529396057, 0.2443319708108902, 0.24144133925437927, 0.23850621283054352, 0.2350062131881714, 0.2315354198217392, 0.22768668830394745, 0.22510884702205658, 0.22245320677757263, 0.2198135107755661]}