{"loss": [0.24632418155670166, 0.21861127018928528, 0.18077220022678375, 0.17926578223705292, 0.17875728011131287, 0.17918306589126587, 0.17770197987556458, 0.1761428862810135, 0.17516691982746124, 0.17379239201545715], "val_loss": [0.24008584022521973, 0.19664183259010315, 0.19689203798770905, 0.19514751434326172, 0.1984194964170456, 0.1932922601699829, 0.1933034360408783, 0.1920279711484909, 0.19154758751392365, 0.18891915678977966]}