{"loss": [0.1996973603963852, 0.1583346277475357, 0.15332446992397308, 0.1547943651676178, 0.1534172147512436, 0.15279452502727509, 0.15312856435775757, 0.1537388563156128, 0.15291041135787964, 0.15345549583435059], "val_loss": [0.17382749915122986, 0.17284411191940308, 0.18694527447223663, 0.16638314723968506, 0.16294942796230316, 0.1643919050693512, 0.16600780189037323, 0.16603708267211914, 0.16379033029079437, 0.1654350906610489]}