{"loss": [0.2484753280878067, 0.243545264005661, 0.22329510748386383, 0.19379842281341553, 0.19268138706684113, 0.19011734426021576, 0.1888381540775299, 0.18802429735660553, 0.18713931739330292, 0.18493770062923431], "val_loss": [0.24685057997703552, 0.23881803452968597, 0.20730212330818176, 0.20646972954273224, 0.20587213337421417, 0.20401456952095032, 0.204159677028656, 0.2030702829360962, 0.20199772715568542, 0.19871588051319122]}