{"loss": [0.24869394302368164, 0.24592235684394836, 0.2431793212890625, 0.24050144851207733, 0.23790650069713593, 0.23547542095184326, 0.23310494422912598, 0.2308076024055481, 0.22863703966140747, 0.22617962956428528], "val_loss": [0.2475261688232422, 0.2451268881559372, 0.24282151460647583, 0.24061362445354462, 0.23852147161960602, 0.23637573421001434, 0.2343631088733673, 0.23253591358661652, 0.23080281913280487, 0.2270354926586151]}