{"loss": [0.24234984815120697, 0.20943066477775574, 0.1824008673429489, 0.1778794825077057, 0.17348921298980713, 0.1689111292362213, 0.16308121383190155, 0.15951521694660187, 0.15828070044517517, 0.15577517449855804], "val_loss": [0.23265720903873444, 0.2009739726781845, 0.19883882999420166, 0.19370190799236298, 0.19246606528759003, 0.1833076775074005, 0.17888207733631134, 0.17621874809265137, 0.17403842508792877, 0.17006394267082214]}