{"loss": [0.24869205057621002, 0.24592489004135132, 0.24318324029445648, 0.24050863087177277, 0.23791928589344025, 0.23549030721187592, 0.2331247180700302, 0.23082950711250305, 0.22865960001945496, 0.22663795948028564], "val_loss": [0.24752625823020935, 0.24512694776058197, 0.24282148480415344, 0.24061359465122223, 0.23852144181728363, 0.23637577891349792, 0.23436325788497925, 0.2325361967086792, 0.23080317676067352, 0.22908061742782593]}