{"loss": [0.18214493989944458, 0.15957742929458618, 0.15918903052806854, 0.15606869757175446, 0.15407730638980865, 0.1542627215385437, 0.15728825330734253, 0.15567468106746674, 0.154927596449852, 0.15474633872509003], "val_loss": [0.17166274785995483, 0.17227265238761902, 0.17025506496429443, 0.17513678967952728, 0.16912956535816193, 0.18026453256607056, 0.18206533789634705, 0.17606690526008606, 0.16891762614250183, 0.1679154336452484]}