{"loss": [0.21814729273319244, 0.17335347831249237, 0.16371101140975952, 0.15727150440216064, 0.1528749316930771, 0.1526930332183838, 0.1520487517118454, 0.15112610161304474, 0.15146809816360474, 0.15169908106327057], "val_loss": [0.19544634222984314, 0.18086417019367218, 0.17434726655483246, 0.16911542415618896, 0.16979072988033295, 0.17285709083080292, 0.1692066192626953, 0.17067407071590424, 0.16926680505275726, 0.16932787001132965]}