{"loss": [0.20531609654426575, 0.18915578722953796, 0.18974263966083527, 0.1874576210975647, 0.189219668507576, 0.18942265212535858, 0.18776407837867737, 0.18723464012145996, 0.18676848709583282, 0.18756148219108582], "val_loss": [0.20559604465961456, 0.20323379337787628, 0.2059319019317627, 0.20603570342063904, 0.21780015528202057, 0.2034018486738205, 0.20291593670845032, 0.2046501785516739, 0.2102949470281601, 0.20501060783863068]}