{"loss": [0.24868422746658325, 0.2459126114845276, 0.24316862225532532, 0.24049203097820282, 0.2378990650177002, 0.23546729981899261, 0.23309879004955292, 0.23079931735992432, 0.2286292463541031, 0.2265998125076294], "val_loss": [0.2476043701171875, 0.24520409107208252, 0.24289917945861816, 0.24069294333457947, 0.23860181868076324, 0.23645541071891785, 0.23444651067256927, 0.23261843621730804, 0.23089273273944855, 0.22916407883167267]}