{"loss": [0.24845659732818604, 0.24453678727149963, 0.2382647842168808, 0.2269352674484253, 0.20734663307666779, 0.18743351101875305, 0.17958872020244598, 0.1771448403596878, 0.1754978895187378, 0.1736253798007965], "val_loss": [0.24700845777988434, 0.24292230606079102, 0.23613974452018738, 0.22435498237609863, 0.20815205574035645, 0.1989310383796692, 0.1981479525566101, 0.1959218978881836, 0.1937832236289978, 0.1923314779996872]}