{"loss": [0.24869436025619507, 0.2459249347448349, 0.24318328499794006, 0.24050869047641754, 0.23791933059692383, 0.23549038171768188, 0.2331247478723526, 0.23082956671714783, 0.22865962982177734, 0.22663801908493042], "val_loss": [0.24752625823020935, 0.24512699246406555, 0.24282152950763702, 0.240613654255867, 0.2385215014219284, 0.23637588322162628, 0.23436330258846283, 0.23253628611564636, 0.2308032512664795, 0.2290806919336319]}