{"loss": [0.24773238599300385, 0.2425379455089569, 0.23655611276626587, 0.22932562232017517, 0.1838551163673401, 0.16684198379516602, 0.15890267491340637, 0.15389053523540497, 0.15099714696407318, 0.15299266576766968], "val_loss": [0.2456105798482895, 0.2407168596982956, 0.23514682054519653, 0.22733451426029205, 0.1732359528541565, 0.18044614791870117, 0.16867835819721222, 0.16846109926700592, 0.17393898963928223, 0.16764125227928162]}