{"loss": [0.247333824634552, 0.2407771646976471, 0.23423798382282257, 0.22701942920684814, 0.21905040740966797, 0.2103261649608612, 0.20147831737995148, 0.1924794465303421, 0.1836237609386444, 0.17575626075267792], "val_loss": [0.2448207437992096, 0.23921576142311096, 0.23324215412139893, 0.22686155140399933, 0.2198956161737442, 0.21259020268917084, 0.20545917749404907, 0.19860512018203735, 0.19202661514282227, 0.18694129586219788]}