{"loss": [0.21220090985298157, 0.18368710577487946, 0.17959454655647278, 0.167938232421875, 0.16536027193069458, 0.1590747833251953, 0.15781326591968536, 0.1523052603006363, 0.1516440212726593, 0.15294893085956573], "val_loss": [0.20777401328086853, 0.19628344476222992, 0.18948715925216675, 0.17571642994880676, 0.16954630613327026, 0.16902168095111847, 0.16592027246952057, 0.1641474813222885, 0.168829545378685, 0.16928663849830627]}