{"loss": [0.19225268065929413, 0.1761694699525833, 0.17113903164863586, 0.17016759514808655, 0.16941294074058533, 0.16797471046447754, 0.16671141982078552, 0.16513510048389435, 0.16413836181163788, 0.16238468885421753], "val_loss": [0.20512832701206207, 0.18988339602947235, 0.1858467161655426, 0.1844894289970398, 0.1834973841905594, 0.18266436457633972, 0.18088307976722717, 0.1787218600511551, 0.17683978378772736, 0.17600741982460022]}