{"loss": [0.2489001452922821, 0.246015727519989, 0.24322453141212463, 0.24051569402217865, 0.23791544139385223, 0.2354549914598465, 0.2330666482448578, 0.2307426631450653, 0.22855915129184723, 0.2264653593301773], "val_loss": [0.24764703214168549, 0.24519245326519012, 0.24285201728343964, 0.24061933159828186, 0.23850375413894653, 0.2363366335630417, 0.23430235683918, 0.2324441820383072, 0.23065805435180664, 0.2288898229598999]}