{"loss": [0.24869364500045776, 0.24592480063438416, 0.24318309128284454, 0.24050846695899963, 0.23791919648647308, 0.23549017310142517, 0.23312461376190186, 0.23082944750785828, 0.22865954041481018, 0.2266378551721573], "val_loss": [0.2475261092185974, 0.24512682855129242, 0.2428213655948639, 0.24061350524425507, 0.23852133750915527, 0.23637573421001434, 0.23436318337917328, 0.23253613710403442, 0.23080311715602875, 0.22908057272434235]}