{"loss": [0.21865132451057434, 0.18873809278011322, 0.19018524885177612, 0.18917979300022125, 0.1908927708864212, 0.19023554027080536, 0.18770377337932587, 0.1870734989643097, 0.18691273033618927, 0.18686889111995697], "val_loss": [0.21715088188648224, 0.20360377430915833, 0.20459382236003876, 0.20523510873317719, 0.2162170708179474, 0.20481698215007782, 0.20425009727478027, 0.20728488266468048, 0.20905137062072754, 0.20619124174118042]}