{"loss": [0.23566550016403198, 0.22568204998970032, 0.2160264551639557, 0.20721672475337982, 0.19916188716888428, 0.19148434698581696, 0.18514904379844666, 0.18015092611312866, 0.17654180526733398, 0.1738000363111496], "val_loss": [0.23714829981327057, 0.22943133115768433, 0.2224322408437729, 0.2162439078092575, 0.21024814248085022, 0.20429842174053192, 0.19973456859588623, 0.196384459733963, 0.1936643123626709, 0.1915643960237503]}