{"loss": [0.23261094093322754, 0.22335930168628693, 0.21346142888069153, 0.20293797552585602, 0.19317762553691864, 0.18518827855587006, 0.1788766086101532, 0.17381532490253448, 0.1702435463666916, 0.16753920912742615], "val_loss": [0.22928038239479065, 0.22094407677650452, 0.2118103951215744, 0.20288148522377014, 0.19541344046592712, 0.18886980414390564, 0.18378956615924835, 0.18052364885807037, 0.17818082869052887, 0.17630894482135773]}