{"loss": [0.23266391456127167, 0.19578047096729279, 0.19044995307922363, 0.18375429511070251, 0.1708957999944687, 0.16244664788246155, 0.15953736007213593, 0.15825790166854858, 0.1574729084968567, 0.15670916438102722], "val_loss": [0.20991961658000946, 0.20391331613063812, 0.2036791741847992, 0.1959993988275528, 0.1866762340068817, 0.17904086410999298, 0.1772659718990326, 0.1774154007434845, 0.17556844651699066, 0.17376025021076202]}