{"loss": [0.18244239687919617, 0.1596263200044632, 0.15948732197284698, 0.1562192440032959, 0.1540941745042801, 0.15453055500984192, 0.15733502805233002, 0.15601509809494019, 0.1550973355770111, 0.1548009067773819], "val_loss": [0.17166948318481445, 0.17247183620929718, 0.17034997045993805, 0.17549015581607819, 0.16879574954509735, 0.18097376823425293, 0.18306639790534973, 0.1760362833738327, 0.16919569671154022, 0.16803887486457825]}