{"loss": [0.22429443895816803, 0.18819518387317657, 0.18870453536510468, 0.1871301829814911, 0.18679170310497284, 0.18825343251228333, 0.1872982531785965, 0.18637168407440186, 0.1864042580127716, 0.18636737763881683], "val_loss": [0.20298604667186737, 0.2028854489326477, 0.20526933670043945, 0.20325987040996552, 0.20964135229587555, 0.20250079035758972, 0.20358656346797943, 0.20359009504318237, 0.20477578043937683, 0.20331977307796478]}