{"loss": [0.24871090054512024, 0.24592527747154236, 0.24318374693393707, 0.24050922691822052, 0.23791997134685516, 0.23549100756645203, 0.2331254482269287, 0.23083023726940155, 0.22866037487983704, 0.22663867473602295], "val_loss": [0.24752649664878845, 0.245127335190773, 0.24282202124595642, 0.24061419069766998, 0.2385220229625702, 0.23637643456459045, 0.23436391353607178, 0.23253682255744934, 0.23080380260944366, 0.22908124327659607]}