{"loss": [0.24093382060527802, 0.24031879007816315, 0.2397424578666687, 0.2391442060470581, 0.2385566085577011, 0.23776797950267792, 0.23688624799251556, 0.23546069860458374, 0.23163898289203644, 0.21219059824943542], "val_loss": [0.2801935374736786, 0.27948009967803955, 0.2786068022251129, 0.27769869565963745, 0.2765543460845947, 0.2754122316837311, 0.2735917866230011, 0.2702086269855499, 0.2606062591075897, 0.2095944583415985]}