{"loss": [0.20026566088199615, 0.16139687597751617, 0.16118229925632477, 0.15669366717338562, 0.15524545311927795, 0.15316255390644073, 0.15431265532970428, 0.15357908606529236, 0.15207408368587494, 0.15413148701190948], "val_loss": [0.16555917263031006, 0.17113392055034637, 0.1805671900510788, 0.1878318190574646, 0.1879114955663681, 0.1635986715555191, 0.1758199781179428, 0.17183423042297363, 0.1763143539428711, 0.1791580468416214]}