{"loss": [0.24876286089420319, 0.24592635035514832, 0.24318522214889526, 0.2405109703540802, 0.23792187869548798, 0.23549297451972961, 0.23312748968601227, 0.23083233833312988, 0.2286624014377594, 0.2266407608985901], "val_loss": [0.24752719700336456, 0.24512848258018494, 0.24282339215278625, 0.24061571061611176, 0.2385236918926239, 0.23637817800045013, 0.23436562716960907, 0.23253858089447021, 0.23080554604530334, 0.22908295691013336]}