{"loss": [0.24921861290931702, 0.24120670557022095, 0.2190762758255005, 0.1884157359600067, 0.18831132352352142, 0.1873781979084015, 0.18691568076610565, 0.18654653429985046, 0.18667981028556824, 0.18654175102710724], "val_loss": [0.2458493858575821, 0.2362435758113861, 0.20633935928344727, 0.2051738202571869, 0.20457041263580322, 0.20366252958774567, 0.20383799076080322, 0.20347507297992706, 0.20371592044830322, 0.20430225133895874]}