{"loss": [0.24869853258132935, 0.24592438340187073, 0.24318277835845947, 0.24050824344158173, 0.2379188984632492, 0.23548991978168488, 0.23312443494796753, 0.23082925379276276, 0.22865931689739227, 0.22663770616054535], "val_loss": [0.24752578139305115, 0.24512650072574615, 0.2428211271762848, 0.24061328172683716, 0.23852114379405975, 0.23637555539608002, 0.23436306416988373, 0.2325359731912613, 0.2308030128479004, 0.2290804535150528]}