{"loss": [0.234061598777771, 0.19037775695323944, 0.1757836639881134, 0.1598462015390396, 0.16228003799915314, 0.16083091497421265, 0.16032378375530243, 0.16021618247032166, 0.16197115182876587, 0.15932705998420715], "val_loss": [0.20607343316078186, 0.19947895407676697, 0.17856480181217194, 0.18466733396053314, 0.18767662346363068, 0.1771601438522339, 0.17862848937511444, 0.1770172268152237, 0.18187454342842102, 0.17664910852909088]}