{"loss": [0.20144939422607422, 0.18373915553092957, 0.18515673279762268, 0.18380816280841827, 0.18446674942970276, 0.18547312915325165, 0.18378275632858276, 0.18288657069206238, 0.18254537880420685, 0.18243300914764404], "val_loss": [0.20734956860542297, 0.1990412175655365, 0.20083250105381012, 0.1997596174478531, 0.20901204645633698, 0.19779545068740845, 0.19750335812568665, 0.19887182116508484, 0.20116999745368958, 0.19694554805755615]}