{"loss": [0.2197703719139099, 0.1942960023880005, 0.17732584476470947, 0.1685274988412857, 0.16497115790843964, 0.16320237517356873, 0.16213519871234894, 0.16097335517406464, 0.16025541722774506, 0.1593196541070938], "val_loss": [0.20982201397418976, 0.19255632162094116, 0.18351338803768158, 0.18029817938804626, 0.17899081110954285, 0.17843294143676758, 0.17765437066555023, 0.1764167845249176, 0.17536661028862, 0.1751849204301834]}