{"loss": [0.2491615265607834, 0.24771079421043396, 0.2466481775045395, 0.245757594704628, 0.24495503306388855, 0.24421873688697815, 0.24352377653121948, 0.24287466704845428, 0.24226930737495422, 0.24170492589473724], "val_loss": [0.248459130525589, 0.24743030965328217, 0.24659843742847443, 0.24586495757102966, 0.2451949268579483, 0.24457114934921265, 0.24398279190063477, 0.24343854188919067, 0.24293343722820282, 0.24245314300060272]}