{"loss": [0.24851039052009583, 0.24414417147636414, 0.2394249588251114, 0.23475556075572968, 0.23019401729106903, 0.225925475358963, 0.2218097746372223, 0.21787820756435394, 0.21426457166671753, 0.21104104816913605], "val_loss": [0.24672438204288483, 0.24264377355575562, 0.23866435885429382, 0.2348322868347168, 0.2312074899673462, 0.2275153398513794, 0.2241283655166626, 0.22117486596107483, 0.2184920310974121, 0.21594449877738953]}