{"loss": [0.2446446567773819, 0.23898595571517944, 0.23324336111545563, 0.22685261070728302, 0.22081245481967926, 0.21544885635375977, 0.2106652855873108, 0.2060108184814453, 0.2019033581018448, 0.1982390582561493], "val_loss": [0.24203601479530334, 0.23758307099342346, 0.23269882798194885, 0.2271818369626999, 0.222747340798378, 0.21896301209926605, 0.21575066447257996, 0.2129921019077301, 0.21021783351898193, 0.20789054036140442]}