{"loss": [0.2500002682209015, 0.2499939650297165, 0.2499876469373703, 0.24998146295547485, 0.24997548758983612, 0.24997000396251678, 0.2499646097421646, 0.24995921552181244, 0.24995392560958862, 0.249948650598526], "val_loss": [0.24998556077480316, 0.2499808669090271, 0.24997608363628387, 0.24997124075889587, 0.24996666610240936, 0.2499622106552124, 0.2499578297138214, 0.24995340406894684, 0.2499489188194275, 0.2499442994594574]}