{"loss": [0.24081355333328247, 0.2314077615737915, 0.22140184044837952, 0.21161726117134094, 0.20335990190505981, 0.19724377989768982, 0.19184932112693787, 0.18760566413402557, 0.1851477175951004, 0.18330679833889008], "val_loss": [0.2343733012676239, 0.225773885846138, 0.21765516698360443, 0.21098539233207703, 0.20671577751636505, 0.20369207859039307, 0.20110739767551422, 0.19966863095760345, 0.19846753776073456, 0.19759340584278107]}