{"loss": [0.2484825998544693, 0.24436651170253754, 0.21541865170001984, 0.1816505491733551, 0.17630396783351898, 0.17139966785907745, 0.16400766372680664, 0.15932075679302216, 0.15816490352153778, 0.15691550076007843], "val_loss": [0.24701526761054993, 0.24094967544078827, 0.20322148501873016, 0.19276325404644012, 0.19582514464855194, 0.17979119718074799, 0.17365257441997528, 0.17193906009197235, 0.17225141823291779, 0.17001895606517792]}