{"loss": [0.24041864275932312, 0.2164144665002823, 0.18334920704364777, 0.16926127672195435, 0.16644780337810516, 0.1626126915216446, 0.16002880036830902, 0.15835942327976227, 0.157780721783638, 0.15745189785957336], "val_loss": [0.23174868524074554, 0.20540300011634827, 0.1861567497253418, 0.18355241417884827, 0.18019641935825348, 0.1775984764099121, 0.17551474273204803, 0.17387491464614868, 0.17375577986240387, 0.17435066401958466]}