{"loss": [0.2052919864654541, 0.15895825624465942, 0.15500642359256744, 0.1520880162715912, 0.1525132656097412, 0.1509227156639099, 0.1517680287361145, 0.15031659603118896, 0.14931489527225494, 0.1488966941833496], "val_loss": [0.17951145768165588, 0.17195618152618408, 0.16867052018642426, 0.17458005249500275, 0.16937008500099182, 0.1715439110994339, 0.17029060423374176, 0.1737917959690094, 0.1663554459810257, 0.16585040092468262]}