{"loss": [0.2331370711326599, 0.19394098222255707, 0.1881917268037796, 0.18746793270111084, 0.1877008080482483, 0.18853917717933655, 0.18765340745449066, 0.18691958487033844, 0.18696628510951996, 0.18687650561332703], "val_loss": [0.21201501786708832, 0.20589713752269745, 0.20433761179447174, 0.2036835253238678, 0.20755808055400848, 0.20321427285671234, 0.20435984432697296, 0.20389008522033691, 0.20479725301265717, 0.20435857772827148]}