{"loss": [0.24621646106243134, 0.22735202312469482, 0.1935551017522812, 0.18879905343055725, 0.18795934319496155, 0.1868409663438797, 0.18347348272800446, 0.1798490583896637, 0.17734840512275696, 0.17658258974552155], "val_loss": [0.2411058098077774, 0.21171963214874268, 0.20732209086418152, 0.20218195021152496, 0.2038574069738388, 0.1982700675725937, 0.19392156600952148, 0.1886877417564392, 0.18633857369422913, 0.1824730485677719]}