{"loss": [0.19584420323371887, 0.18991658091545105, 0.18954750895500183, 0.18812821805477142, 0.1874576210975647, 0.18636803328990936, 0.1852574497461319, 0.18407104909420013, 0.1833685338497162, 0.1820606291294098], "val_loss": [0.21085715293884277, 0.20585405826568604, 0.20452721416950226, 0.20341648161411285, 0.2030860036611557, 0.20235514640808105, 0.2008819878101349, 0.199269101023674, 0.19802096486091614, 0.19763728976249695]}