{"loss": [0.2393219769001007, 0.21975484490394592, 0.20774070918560028, 0.20055502653121948, 0.19598202407360077, 0.19316813349723816, 0.19132623076438904, 0.19012662768363953, 0.18935495615005493, 0.18890193104743958], "val_loss": [0.23059415817260742, 0.21819134056568146, 0.21117229759693146, 0.2071560174226761, 0.20488527417182922, 0.20362189412117004, 0.20297417044639587, 0.20262324810028076, 0.20247533917427063, 0.20240424573421478]}