{"loss": [0.6502699255943298, 0.5043626427650452, 0.4813840091228485, 0.4801798164844513, 0.4734330177307129, 0.4754689037799835, 0.4724913239479065, 0.4757733941078186, 0.4727395474910736, 0.47682061791419983], "val_loss": [0.5972258448600769, 0.512035608291626, 0.5096310973167419, 0.49777185916900635, 0.49741417169570923, 0.5096037983894348, 0.49653637409210205, 0.5007671117782593, 0.49481460452079773, 0.4960225522518158]}