{"loss": [0.21630579233169556, 0.1843717098236084, 0.17937442660331726, 0.17889390885829926, 0.17880532145500183, 0.1782410591840744, 0.17718632519245148, 0.1761632263660431, 0.17539450526237488, 0.1741655468940735], "val_loss": [0.20167432725429535, 0.19697798788547516, 0.19581127166748047, 0.19480076432228088, 0.19527623057365417, 0.1941123902797699, 0.1931730955839157, 0.19192087650299072, 0.19102205336093903, 0.19000156223773956]}