{"loss": [0.24892444908618927, 0.24592354893684387, 0.24317891895771027, 0.24045775830745697, 0.2378525286912918, 0.23542280495166779, 0.2329980731010437, 0.2306663542985916, 0.22844502329826355, 0.22638055682182312], "val_loss": [0.24749673902988434, 0.24513284862041473, 0.2427763044834137, 0.24050912261009216, 0.23848332464694977, 0.23620709776878357, 0.23416399955749512, 0.2322644740343094, 0.23056429624557495, 0.22867192327976227]}