{"loss": [0.21110296249389648, 0.1785905957221985, 0.1654702126979828, 0.16579388082027435, 0.1671636998653412, 0.1666407436132431, 0.16442818939685822, 0.16427534818649292, 0.16523686051368713, 0.16364935040473938], "val_loss": [0.20347166061401367, 0.18225009739398956, 0.17534139752388, 0.17504721879959106, 0.17887341976165771, 0.17021705210208893, 0.1713751256465912, 0.17630770802497864, 0.1704382598400116, 0.1719357669353485]}