{"loss": [0.20951130986213684, 0.19750186800956726, 0.19258509576320648, 0.1906462013721466, 0.18976572155952454, 0.1893896460533142, 0.1892697662115097, 0.18914373219013214, 0.18911871314048767, 0.18914072215557098], "val_loss": [0.21025484800338745, 0.20523616671562195, 0.20382355153560638, 0.2036101371049881, 0.2037438601255417, 0.2039533406496048, 0.20420905947685242, 0.2043353021144867, 0.20444275438785553, 0.2044588327407837]}