{"loss": [0.2486288994550705, 0.2458331137895584, 0.24307021498680115, 0.2403724044561386, 0.2377530336380005, 0.2353036254644394, 0.2328958809375763, 0.23055396974086761, 0.22835110127925873, 0.2262868881225586], "val_loss": [0.24755428731441498, 0.2451537549495697, 0.2428579181432724, 0.24066077172756195, 0.2385624498128891, 0.2364310920238495, 0.23442374169826508, 0.23261581361293793, 0.2308613657951355, 0.22913727164268494]}