{"loss": [0.24750185012817383, 0.24080108106136322, 0.23443865776062012, 0.2284613698720932, 0.2229425013065338, 0.21795359253883362, 0.2134065330028534, 0.20923544466495514, 0.20565082132816315, 0.20251645147800446], "val_loss": [0.24545519053936005, 0.23994456231594086, 0.23487287759780884, 0.2302192896604538, 0.22601662576198578, 0.2220209687948227, 0.2184884399175644, 0.21550393104553223, 0.21284699440002441, 0.21056944131851196]}