{"loss": [0.3134066164493561, 0.3013800382614136, 0.2903713285923004, 0.2804518938064575, 0.27156391739845276, 0.26381897926330566, 0.25682076811790466, 0.2505148649215698, 0.24494929611682892, 0.24007833003997803], "val_loss": [0.3032580316066742, 0.2927205264568329, 0.2833283245563507, 0.27499932050704956, 0.2676992416381836, 0.2608489394187927, 0.254872590303421, 0.24976548552513123, 0.24522873759269714, 0.24100416898727417]}