{"loss": [0.22459541261196136, 0.18998968601226807, 0.19044364988803864, 0.18705911934375763, 0.18273219466209412, 0.17032146453857422, 0.1664084494113922, 0.1647241860628128, 0.1661163568496704, 0.16419540345668793], "val_loss": [0.2041999101638794, 0.20396897196769714, 0.20402702689170837, 0.19953711330890656, 0.195363849401474, 0.17331957817077637, 0.17171411216259003, 0.17653599381446838, 0.1708686202764511, 0.17576119303703308]}