{"loss": [0.24533669650554657, 0.23486988246440887, 0.22483089566230774, 0.21553750336170197, 0.2076878398656845, 0.2016296237707138, 0.19720400869846344, 0.19402875006198883, 0.19206340610980988, 0.19078679382801056], "val_loss": [0.24150918424129486, 0.23295190930366516, 0.2252681404352188, 0.21877586841583252, 0.21380814909934998, 0.2099706381559372, 0.2075553983449936, 0.20610429346561432, 0.20520637929439545, 0.2048596292734146]}