{"loss": [0.22703945636749268, 0.1864522248506546, 0.17823943495750427, 0.17529891431331635, 0.17258040606975555, 0.16891740262508392, 0.16471627354621887, 0.16086037456989288, 0.15965981781482697, 0.1587018072605133], "val_loss": [0.20422008633613586, 0.19377855956554413, 0.19046686589717865, 0.1872389018535614, 0.18572834134101868, 0.18143606185913086, 0.17939583957195282, 0.17842206358909607, 0.17827516794204712, 0.1779925525188446]}