{"loss": [0.23195777833461761, 0.17943893373012543, 0.16521714627742767, 0.15990477800369263, 0.15490126609802246, 0.15375696122646332, 0.1529819220304489, 0.15151448547840118, 0.15195071697235107, 0.15199968218803406], "val_loss": [0.21976375579833984, 0.18092189729213715, 0.1766628921031952, 0.1712140589952469, 0.17082923650741577, 0.17436572909355164, 0.17107053101062775, 0.17191457748413086, 0.17093928158283234, 0.17064055800437927]}