{"loss": [0.2487008422613144, 0.2459251433610916, 0.24318359792232513, 0.2405090481042862, 0.23791971802711487, 0.23549073934555054, 0.23312518000602722, 0.23083001375198364, 0.22866006195545197, 0.22663839161396027], "val_loss": [0.2475264072418213, 0.24512718617916107, 0.2428218126296997, 0.24061396718025208, 0.23852181434631348, 0.23637625575065613, 0.23436366021633148, 0.23253659904003143, 0.23080359399318695, 0.22908100485801697]}