{"loss": [0.18237721920013428, 0.15946412086486816, 0.15936683118343353, 0.15632914006710052, 0.15402422845363617, 0.1543222814798355, 0.15716831386089325, 0.15570484101772308, 0.15498974919319153, 0.1548360288143158], "val_loss": [0.17152376472949982, 0.1724935919046402, 0.17042522132396698, 0.17507953941822052, 0.16913799941539764, 0.18059921264648438, 0.18229298293590546, 0.17622071504592896, 0.16912442445755005, 0.16816622018814087]}