{"loss": [0.25698113441467285, 0.25256797671318054, 0.24840809404850006, 0.24461698532104492, 0.2411244511604309, 0.23796269297599792, 0.23503845930099487, 0.23227398097515106, 0.22972922027111053, 0.22741635143756866], "val_loss": [0.2530575096607208, 0.24943938851356506, 0.24618284404277802, 0.24321609735488892, 0.2404969185590744, 0.23787707090377808, 0.2354753613471985, 0.23336340487003326, 0.23140878975391388, 0.22950367629528046]}