{"loss": [0.24873022735118866, 0.2459256947040558, 0.24318429827690125, 0.24050986766815186, 0.23792065680027008, 0.23549172282218933, 0.23312614858150482, 0.23083104193210602, 0.22866111993789673, 0.22663947939872742], "val_loss": [0.24752677977085114, 0.24512776732444763, 0.24282251298427582, 0.24061472713947296, 0.23852266371250153, 0.2363770753145218, 0.23436453938484192, 0.23253747820854187, 0.2308044731616974, 0.2290818691253662]}