{"loss": [0.24541710317134857, 0.2358597069978714, 0.22621585428714752, 0.21707847714424133, 0.20909908413887024, 0.20192931592464447, 0.19517311453819275, 0.1879892498254776, 0.181599423289299, 0.17490972578525543], "val_loss": [0.2412281334400177, 0.23299729824066162, 0.22514843940734863, 0.21833787858486176, 0.21243344247341156, 0.20681428909301758, 0.20112618803977966, 0.1948212832212448, 0.18886154890060425, 0.18388265371322632]}