{"loss": [0.23682382702827454, 0.22869174182415009, 0.22045890986919403, 0.21205374598503113, 0.2033187299966812, 0.1950709968805313, 0.18781928718090057, 0.18156208097934723, 0.17672717571258545, 0.17308814823627472], "val_loss": [0.23382914066314697, 0.2266085296869278, 0.2196217030286789, 0.21236883103847504, 0.20538106560707092, 0.19882133603096008, 0.19333487749099731, 0.18918085098266602, 0.18589138984680176, 0.18324895203113556]}