{"loss": [0.2478594183921814, 0.24347390234470367, 0.23937393724918365, 0.23560050129890442, 0.23207616806030273, 0.228841632604599, 0.22581586241722107, 0.2230185717344284, 0.2204633504152298, 0.2181469053030014], "val_loss": [0.24607038497924805, 0.242402121424675, 0.23903654515743256, 0.23591260612010956, 0.23306477069854736, 0.23041613399982452, 0.2279922068119049, 0.22579963505268097, 0.22381290793418884, 0.22198714315891266]}