{"loss": [0.24813124537467957, 0.24506314098834991, 0.24194453656673431, 0.2387879192829132, 0.23566539585590363, 0.23292790353298187, 0.23045200109481812, 0.22809183597564697, 0.2260613739490509, 0.22416366636753082], "val_loss": [0.24732789397239685, 0.2446485161781311, 0.24218417704105377, 0.23991531133651733, 0.23785722255706787, 0.2358245700597763, 0.2340661883354187, 0.23252539336681366, 0.23110748827457428, 0.22978448867797852]}