{"loss": [0.2475961446762085, 0.24103204905986786, 0.23299042880535126, 0.22324155271053314, 0.21211357414722443, 0.20166128873825073, 0.19410406053066254, 0.1902608871459961, 0.18907183408737183, 0.18878713250160217], "val_loss": [0.24496646225452423, 0.23861852288246155, 0.23111063241958618, 0.22260236740112305, 0.21409578621387482, 0.20689523220062256, 0.2038699984550476, 0.2037562131881714, 0.20417462289333344, 0.2047252207994461]}