{"loss": [0.19098547101020813, 0.18721304833889008, 0.1880279779434204, 0.18733027577400208, 0.18741877377033234, 0.18823836743831635, 0.18723976612091064, 0.1867050677537918, 0.1867891252040863, 0.18672393262386322], "val_loss": [0.2051834762096405, 0.20364591479301453, 0.20477840304374695, 0.20350061357021332, 0.20693913102149963, 0.20346294343471527, 0.2040686011314392, 0.2036382406949997, 0.20432431995868683, 0.20406031608581543]}