{"loss": [0.22356164455413818, 0.17424778640270233, 0.16385217010974884, 0.15809151530265808, 0.15848447382450104, 0.15843144059181213, 0.1574915200471878, 0.15742430090904236, 0.15777498483657837, 0.15729652345180511], "val_loss": [0.19008952379226685, 0.18338146805763245, 0.1762445718050003, 0.17319901287555695, 0.1763395071029663, 0.1725367307662964, 0.17213833332061768, 0.17488782107830048, 0.17312797904014587, 0.17214569449424744]}