{"loss": [0.28984329104423523, 0.24657723307609558, 0.2434508353471756, 0.2409220039844513, 0.23843228816986084, 0.2360725700855255, 0.23374949395656586, 0.23148301243782043, 0.229326069355011, 0.2272844761610031], "val_loss": [0.2488727569580078, 0.24535265564918518, 0.24321255087852478, 0.2411155104637146, 0.2390965223312378, 0.23700635135173798, 0.23503799736499786, 0.23325121402740479, 0.23157000541687012, 0.22987134754657745]}