{"loss": [0.21926672756671906, 0.17384038865566254, 0.1640576422214508, 0.15754395723342896, 0.152983158826828, 0.15267615020275116, 0.15204326808452606, 0.15110717713832855, 0.15144290030002594, 0.1516846865415573], "val_loss": [0.19703537225723267, 0.1810746043920517, 0.1746525913476944, 0.16915318369865417, 0.16969262063503265, 0.1726645976305008, 0.16921484470367432, 0.17061811685562134, 0.1692330539226532, 0.16928964853286743]}