{"loss": [0.2347528040409088, 0.22851034998893738, 0.2233269363641739, 0.21873551607131958, 0.21479535102844238, 0.21130909025669098, 0.2083999365568161, 0.20568688213825226, 0.20350363850593567, 0.2015952616930008], "val_loss": [0.23399868607521057, 0.2292415350675583, 0.22507262229919434, 0.22165550291538239, 0.21867594122886658, 0.21624401211738586, 0.21399638056755066, 0.21223115921020508, 0.21065233647823334, 0.209361732006073]}