{"loss": [0.24796582758426666, 0.2355455756187439, 0.19802196323871613, 0.18648798763751984, 0.18635410070419312, 0.18597464263439178, 0.18440306186676025, 0.18355149030685425, 0.18349815905094147, 0.18326054513454437], "val_loss": [0.24374908208847046, 0.2244071364402771, 0.20003800094127655, 0.20342819392681122, 0.21028262376785278, 0.1991206556558609, 0.2002573013305664, 0.19934765994548798, 0.1997796595096588, 0.19963030517101288]}