{"loss": [0.17885762453079224, 0.17576979100704193, 0.1750447303056717, 0.17377081513404846, 0.17308132350444794, 0.17185688018798828, 0.16979902982711792, 0.16776268184185028, 0.16603858768939972, 0.16359299421310425], "val_loss": [0.19211745262145996, 0.1910887062549591, 0.19038277864456177, 0.1886589229106903, 0.18855778872966766, 0.1861220747232437, 0.18397827446460724, 0.18145038187503815, 0.17911987006664276, 0.17680974304676056]}