{"loss": [0.24916404485702515, 0.24634236097335815, 0.24358516931533813, 0.2408922165632248, 0.238283172249794, 0.23584285378456116, 0.23345044255256653, 0.23111698031425476, 0.22891992330551147, 0.22686128318309784], "val_loss": [0.24730943143367767, 0.24494343996047974, 0.2426965832710266, 0.24052585661411285, 0.23846034705638885, 0.2363394945859909, 0.23436199128627777, 0.23253464698791504, 0.2307998538017273, 0.22907480597496033]}