{"loss": [0.24869798123836517, 0.24592332541942596, 0.24317841231822968, 0.24049735069274902, 0.23790106177330017, 0.2354702204465866, 0.23309838771820068, 0.2308000773191452, 0.22862790524959564, 0.22660011053085327], "val_loss": [0.24752622842788696, 0.2451268881559372, 0.24282144010066986, 0.24061350524425507, 0.23852133750915527, 0.23637555539608002, 0.2343629151582718, 0.232535719871521, 0.23080262541770935, 0.22907987236976624]}