{"loss": [0.15927264094352722, 0.15146023035049438, 0.1498454362154007, 0.14904116094112396, 0.14960405230522156, 0.1488085240125656, 0.14961788058280945, 0.1487206667661667, 0.14904719591140747, 0.14913412928581238], "val_loss": [0.17683275043964386, 0.16966311633586884, 0.1682085245847702, 0.1705889254808426, 0.1670328825712204, 0.16822828352451324, 0.1672607809305191, 0.16839633882045746, 0.16620057821273804, 0.16648367047309875]}