{"loss": [0.7363430857658386, 0.7323872447013855, 0.7244818806648254, 0.70588618516922, 0.6596164703369141, 0.5561657547950745, 0.3949548900127411, 0.2673691213130951, 0.22395530343055725, 0.21728408336639404], "val_loss": [0.7046523094177246, 0.6999622583389282, 0.6894822716712952, 0.6628131866455078, 0.5944554209709167, 0.4562159776687622, 0.3068331778049469, 0.23735855519771576, 0.22277513146400452, 0.221144437789917]}