{"loss": [0.1908612996339798, 0.18828266859054565, 0.18832595646381378, 0.18764717876911163, 0.1872120201587677, 0.18889600038528442, 0.18777042627334595, 0.18699678778648376, 0.18704615533351898, 0.18687796592712402], "val_loss": [0.2040231078863144, 0.20415304601192474, 0.20511063933372498, 0.2037489265203476, 0.20941603183746338, 0.2032795250415802, 0.20458002388477325, 0.20387035608291626, 0.2046777904033661, 0.20453639328479767]}