{"loss": [0.2495000660419464, 0.24871298670768738, 0.2481212317943573, 0.247628852725029, 0.24718917906284332, 0.24679213762283325, 0.2464234083890915, 0.24608047306537628, 0.2457609474658966, 0.24546301364898682], "val_loss": [0.24915824830532074, 0.2485831081867218, 0.2481229305267334, 0.24772332608699799, 0.24736140668392181, 0.24702847003936768, 0.24672508239746094, 0.24643947184085846, 0.246170774102211, 0.24591828882694244]}