{"loss": [0.23226788640022278, 0.1917703002691269, 0.18087798357009888, 0.16306889057159424, 0.15899451076984406, 0.1608302891254425, 0.16038526594638824, 0.15838570892810822, 0.1593308448791504, 0.15773114562034607], "val_loss": [0.20843015611171722, 0.19974155724048615, 0.1862756758928299, 0.1774713099002838, 0.18535177409648895, 0.17777752876281738, 0.17709168791770935, 0.17511439323425293, 0.17751425504684448, 0.1752498745918274]}