{"loss": [0.23404550552368164, 0.22534917294979095, 0.21791571378707886, 0.21195094287395477, 0.2071514129638672, 0.20330514013767242, 0.20029647648334503, 0.197818323969841, 0.19596832990646362, 0.19454272091388702], "val_loss": [0.23232980072498322, 0.22546081244945526, 0.2200007438659668, 0.21581850945949554, 0.21255435049533844, 0.21008135378360748, 0.20815050601959229, 0.20678246021270752, 0.2057538777589798, 0.20502232015132904]}