{"loss": [0.2468573898077011, 0.22598403692245483, 0.19107286632061005, 0.18952882289886475, 0.191111221909523, 0.19087328016757965, 0.19008038938045502, 0.1894168257713318, 0.18936657905578613, 0.18948228657245636], "val_loss": [0.24143517017364502, 0.20596162974834442, 0.20378954708576202, 0.204952672123909, 0.20944753289222717, 0.20364470779895782, 0.2050829976797104, 0.20453651249408722, 0.20571908354759216, 0.20495805144309998]}