{"loss": [0.24821142852306366, 0.24413122236728668, 0.23995235562324524, 0.2357320934534073, 0.23153017461299896, 0.22752535343170166, 0.22359991073608398, 0.21978919208049774, 0.21622750163078308, 0.21299661695957184], "val_loss": [0.24649229645729065, 0.24290256202220917, 0.2393370121717453, 0.2358299046754837, 0.2324480563402176, 0.2289436310529709, 0.22566787898540497, 0.22275473177433014, 0.2200610190629959, 0.21746349334716797]}