{"loss": [0.22989045083522797, 0.18727220594882965, 0.1875515878200531, 0.18429134786128998, 0.18406003713607788, 0.1794920414686203, 0.17543531954288483, 0.16964618861675262, 0.16534283757209778, 0.16239075362682343], "val_loss": [0.20831777155399323, 0.20438453555107117, 0.20320622622966766, 0.20302549004554749, 0.21290098130702972, 0.1969345510005951, 0.19386954605579376, 0.18847081065177917, 0.18678615987300873, 0.18203134834766388]}