{"loss": [0.2432059794664383, 0.23037166893482208, 0.21703693270683289, 0.20269261300563812, 0.1888585239648819, 0.17613357305526733, 0.16663949191570282, 0.16025660932064056, 0.15807010233402252, 0.15736322104930878], "val_loss": [0.23802520334720612, 0.22739079594612122, 0.21639391779899597, 0.20521214604377747, 0.1948951929807663, 0.18643930554389954, 0.180499866604805, 0.1776576042175293, 0.17790168523788452, 0.17804047465324402]}