{"loss": [0.17740827798843384, 0.1683664619922638, 0.15592074394226074, 0.15110671520233154, 0.15007415413856506, 0.15060879290103912, 0.1507103145122528, 0.14888422191143036, 0.1481911689043045, 0.1505551040172577], "val_loss": [0.2191142737865448, 0.1865176260471344, 0.17869658768177032, 0.1775902658700943, 0.16823066771030426, 0.17436522245407104, 0.16679437458515167, 0.16739194095134735, 0.16456113755702972, 0.16759167611598969]}