{"loss": [0.24869345128536224, 0.24592499434947968, 0.24318334460258484, 0.2405087947845459, 0.23791944980621338, 0.23549048602581024, 0.23312491178512573, 0.23082971572875977, 0.22865980863571167, 0.22663813829421997], "val_loss": [0.24752631783485413, 0.24512703716754913, 0.24282163381576538, 0.24061375856399536, 0.23852160573005676, 0.23637598752975464, 0.23436345160007477, 0.23253637552261353, 0.23080334067344666, 0.22908078134059906]}