{"loss": [0.2004258632659912, 0.1885288804769516, 0.1880866140127182, 0.18580277264118195, 0.1845472753047943, 0.18347835540771484, 0.1818666011095047, 0.18031509220600128, 0.17928892374038696, 0.17818666994571686], "val_loss": [0.21322232484817505, 0.20304164290428162, 0.2022215873003006, 0.1999538689851761, 0.20001816749572754, 0.19751115143299103, 0.19642704725265503, 0.1944751739501953, 0.19356746971607208, 0.19162628054618835]}