{"loss": [0.19067175686359406, 0.18743310868740082, 0.1874975860118866, 0.18710391223430634, 0.18740487098693848, 0.1871512234210968, 0.18672502040863037, 0.186391219496727, 0.18646381795406342, 0.1862313598394394], "val_loss": [0.20435185730457306, 0.20421616733074188, 0.20389306545257568, 0.20367078483104706, 0.2045033574104309, 0.20438618957996368, 0.20397494733333588, 0.20352880656719208, 0.20360207557678223, 0.20433565974235535]}