{"loss": [0.16206008195877075, 0.15710113942623138, 0.15417791903018951, 0.15305830538272858, 0.15266716480255127, 0.15190187096595764, 0.15227706730365753, 0.15176931023597717, 0.15124493837356567, 0.15246090292930603], "val_loss": [0.17451684176921844, 0.17707984149456024, 0.17981508374214172, 0.17314095795154572, 0.1703692078590393, 0.17247441411018372, 0.16712135076522827, 0.1687789410352707, 0.1653197556734085, 0.16524556279182434]}