{"loss": [0.24926787614822388, 0.24593624472618103, 0.24319423735141754, 0.24052423238754272, 0.23793722689151764, 0.23551124334335327, 0.2331465631723404, 0.23085203766822815, 0.2286825031042099, 0.22666098177433014], "val_loss": [0.2475288063287735, 0.2451373040676117, 0.24283230304718018, 0.24062973260879517, 0.23853880167007446, 0.23639415204524994, 0.23438221216201782, 0.23255540430545807, 0.23082250356674194, 0.22909985482692719]}