{"loss": [0.20113365352153778, 0.18799826502799988, 0.18715794384479523, 0.18698439002037048, 0.18730220198631287, 0.18700356781482697, 0.18674948811531067, 0.18643073737621307, 0.1865430325269699, 0.18632255494594574], "val_loss": [0.20320822298526764, 0.20471079647541046, 0.2038721740245819, 0.20362526178359985, 0.20424413681030273, 0.20443975925445557, 0.20418478548526764, 0.20372585952281952, 0.20378568768501282, 0.20455706119537354]}