{"loss": [0.24823665618896484, 0.2406083643436432, 0.22461074590682983, 0.19441275298595428, 0.19112753868103027, 0.18988372385501862, 0.1894427239894867, 0.18925175070762634, 0.18928836286067963, 0.1892358362674713], "val_loss": [0.24567756056785583, 0.23624040186405182, 0.2149980366230011, 0.2065352350473404, 0.2055502086877823, 0.2045726776123047, 0.20477941632270813, 0.20436614751815796, 0.20485393702983856, 0.2052680104970932]}