{"loss": [0.21942099928855896, 0.17479810118675232, 0.1653134673833847, 0.1583966314792633, 0.1528964787721634, 0.15193726122379303, 0.1513998955488205, 0.15070420503616333, 0.15089412033557892, 0.15116247534751892], "val_loss": [0.1981063038110733, 0.18215563893318176, 0.1757625788450241, 0.1679987907409668, 0.1674434095621109, 0.16879694163799286, 0.16615918278694153, 0.16823214292526245, 0.16669736802577972, 0.16687579452991486]}