{"loss": [0.24995672702789307, 0.24987344443798065, 0.2497798502445221, 0.24968399107456207, 0.2495863437652588, 0.2494853138923645, 0.24937592446804047, 0.24925550818443298, 0.2491312026977539, 0.24901044368743896], "val_loss": [0.24992787837982178, 0.2498478889465332, 0.24976222217082977, 0.2496768683195114, 0.24958819150924683, 0.24949222803115845, 0.24938812851905823, 0.24927787482738495, 0.2491716593503952, 0.24906766414642334]}