{"loss": [0.21095936000347137, 0.18811766803264618, 0.18954674899578094, 0.18784818053245544, 0.18738286197185516, 0.18852317333221436, 0.1870344877243042, 0.1855841875076294, 0.18439894914627075, 0.1839899867773056], "val_loss": [0.21495860815048218, 0.2037968784570694, 0.20635002851486206, 0.203459233045578, 0.21088457107543945, 0.20195017755031586, 0.20196978747844696, 0.20187757909297943, 0.20490184426307678, 0.19943110644817352]}