{"loss": [0.23865950107574463, 0.21972696483135223, 0.20432133972644806, 0.19440364837646484, 0.19047026336193085, 0.18879403173923492, 0.18792091310024261, 0.18709270656108856, 0.18654051423072815, 0.18559789657592773], "val_loss": [0.23031139373779297, 0.21662144362926483, 0.20825934410095215, 0.20509789884090424, 0.2044619768857956, 0.20453444123268127, 0.20414136350154877, 0.20331907272338867, 0.20293445885181427, 0.20296142995357513]}