{"loss": [0.24445119500160217, 0.2295232117176056, 0.20803114771842957, 0.18527419865131378, 0.16806632280349731, 0.15871870517730713, 0.15690703690052032, 0.15642543137073517, 0.1568077802658081, 0.15617725253105164], "val_loss": [0.23894959688186646, 0.22321756184101105, 0.2050851434469223, 0.18960213661193848, 0.1806902140378952, 0.17835086584091187, 0.17884206771850586, 0.17897281050682068, 0.1796635091304779, 0.1793065071105957]}