{"loss": [0.15878969430923462, 0.14995743334293365, 0.14860625565052032, 0.14927344024181366, 0.14871923625469208, 0.14879336953163147, 0.1482611447572708, 0.1483532339334488, 0.14823591709136963, 0.14800794422626495], "val_loss": [0.17088286578655243, 0.16837891936302185, 0.16786731779575348, 0.16674110293388367, 0.16828012466430664, 0.1671692579984665, 0.16710519790649414, 0.1668890416622162, 0.16782426834106445, 0.16659636795520782]}