{"loss": [0.2476099580526352, 0.23932962119579315, 0.21258799731731415, 0.19010554254055023, 0.18911980092525482, 0.1835101693868637, 0.17333362996578217, 0.1640019714832306, 0.16101908683776855, 0.15952786803245544], "val_loss": [0.24495409429073334, 0.23229101300239563, 0.20526310801506042, 0.20369048416614532, 0.20363478362560272, 0.19457820057868958, 0.18621191382408142, 0.18070027232170105, 0.17910170555114746, 0.1786639541387558]}