{"loss": [0.25956788659095764, 0.237317755818367, 0.202210932970047, 0.18749864399433136, 0.1880493313074112, 0.187351256608963, 0.18699291348457336, 0.18671438097953796, 0.18685224652290344, 0.18666359782218933], "val_loss": [0.24523881077766418, 0.22628901898860931, 0.20415706932544708, 0.20406584441661835, 0.20430399477481842, 0.20428548753261566, 0.20397329330444336, 0.20357418060302734, 0.2036958485841751, 0.20442119240760803]}