{"loss": [0.2113124132156372, 0.1842297464609146, 0.1780916303396225, 0.1680249720811844, 0.16511446237564087, 0.1634974181652069, 0.16047251224517822, 0.15755610167980194, 0.15734301507472992, 0.1576043665409088], "val_loss": [0.21045885980129242, 0.1988370418548584, 0.19330401718616486, 0.1857498735189438, 0.1896764487028122, 0.18045176565647125, 0.17497442662715912, 0.17140023410320282, 0.17515629529953003, 0.17190119624137878]}