{"loss": [0.24854926764965057, 0.24499766528606415, 0.2349952757358551, 0.1943332552909851, 0.19126620888710022, 0.1913171112537384, 0.19023491442203522, 0.1894458830356598, 0.18938517570495605, 0.18950247764587402], "val_loss": [0.24717079102993011, 0.24339763820171356, 0.2170272022485733, 0.2039240002632141, 0.21151533722877502, 0.203634575009346, 0.20512422919273376, 0.20457887649536133, 0.20578797161579132, 0.20494352281093597]}