{"loss": [0.182960644364357, 0.1657622754573822, 0.16122643649578094, 0.16044913232326508, 0.1569816619157791, 0.15121588110923767, 0.1489376574754715, 0.14840435981750488, 0.1461891233921051, 0.14988723397254944], "val_loss": [0.2040570080280304, 0.18726828694343567, 0.18892240524291992, 0.1849914938211441, 0.17744921147823334, 0.18108275532722473, 0.17009273171424866, 0.17644920945167542, 0.1655222773551941, 0.16540837287902832]}