{"loss": [0.18410734832286835, 0.16162437200546265, 0.16081348061561584, 0.15712910890579224, 0.15421849489212036, 0.15568514168262482, 0.15845872461795807, 0.15665452182292938, 0.15568722784519196, 0.15571945905685425], "val_loss": [0.17345508933067322, 0.17317061126232147, 0.17007553577423096, 0.1759636402130127, 0.17034690082073212, 0.18240618705749512, 0.18544523417949677, 0.17699117958545685, 0.16971153020858765, 0.1685095876455307]}