{"loss": [0.24683916568756104, 0.2368057668209076, 0.21965409815311432, 0.19845464825630188, 0.18915130198001862, 0.1892576366662979, 0.18909287452697754, 0.18874095380306244, 0.1887878179550171, 0.18849164247512817], "val_loss": [0.2434370517730713, 0.23223012685775757, 0.21561774611473083, 0.2056245505809784, 0.20622043311595917, 0.2067597359418869, 0.20644338428974152, 0.20577076077461243, 0.2054429054260254, 0.20607399940490723]}