{"loss": [0.20077469944953918, 0.18709006905555725, 0.189273864030838, 0.18714290857315063, 0.18905876576900482, 0.18913619220256805, 0.1875007003545761, 0.18716584146022797, 0.1869102269411087, 0.18759551644325256], "val_loss": [0.2054661214351654, 0.2032155692577362, 0.2051030397415161, 0.2059333622455597, 0.21710063517093658, 0.2030564248561859, 0.20254047214984894, 0.20423057675361633, 0.20963206887245178, 0.20392364263534546]}