{"loss": [0.19284982979297638, 0.18889644742012024, 0.18849779665470123, 0.1879100799560547, 0.18783003091812134, 0.18891111016273499, 0.18767708539962769, 0.18710826337337494, 0.1871340572834015, 0.18705475330352783], "val_loss": [0.20357418060302734, 0.20401637256145477, 0.20494814217090607, 0.20349274575710297, 0.20761683583259583, 0.20350758731365204, 0.20408469438552856, 0.20369979739189148, 0.20457105338573456, 0.20430736243724823]}