{"loss": [0.248051255941391, 0.23900792002677917, 0.20108045637607574, 0.18100138008594513, 0.17861273884773254, 0.1771371066570282, 0.17370881140232086, 0.17069630324840546, 0.16805720329284668, 0.16527099907398224], "val_loss": [0.24555723369121552, 0.22774402797222137, 0.1967158317565918, 0.19067682325839996, 0.19150938093662262, 0.18498505651950836, 0.18213993310928345, 0.17831303179264069, 0.17479810118675232, 0.17082533240318298]}