{"loss": [0.3072008490562439, 0.27561652660369873, 0.2545486390590668, 0.23832818865776062, 0.22531889379024506, 0.21545717120170593, 0.20815059542655945, 0.20256386697292328, 0.19838979840278625, 0.19560697674751282], "val_loss": [0.28350546956062317, 0.2618566155433655, 0.2459985613822937, 0.2335081696510315, 0.22427277266979218, 0.21717976033687592, 0.2125311940908432, 0.20900844037532806, 0.20675067603588104, 0.20535695552825928]}