{"loss": [0.2485348880290985, 0.24493107199668884, 0.2398221790790558, 0.23163753747940063, 0.21885500848293304, 0.20469756424427032, 0.1958276480436325, 0.1926904171705246, 0.19187787175178528, 0.1911436915397644], "val_loss": [0.24712377786636353, 0.2434544414281845, 0.23801679909229279, 0.22953860461711884, 0.21844176948070526, 0.2092057466506958, 0.20733322203159332, 0.20698191225528717, 0.20637138187885284, 0.2063933163881302]}