{"loss": [0.24672505259513855, 0.23195186257362366, 0.20538796484470367, 0.18323563039302826, 0.17821526527404785, 0.1762542724609375, 0.1738489717245102, 0.1708981841802597, 0.1685069352388382, 0.1657874584197998], "val_loss": [0.24144190549850464, 0.22242693603038788, 0.19879433512687683, 0.19162310659885406, 0.19002492725849152, 0.1883329451084137, 0.18552960455417633, 0.18262815475463867, 0.18037059903144836, 0.17860937118530273]}