{"loss": [0.21517503261566162, 0.2024288773536682, 0.1913597285747528, 0.18246711790561676, 0.17563660442829132, 0.1707613170146942, 0.16743649542331696, 0.16502638161182404, 0.16350646317005157, 0.1624486744403839], "val_loss": [0.21270707249641418, 0.2025780975818634, 0.19448012113571167, 0.18841202557086945, 0.18408727645874023, 0.1810181438922882, 0.17906206846237183, 0.17798176407814026, 0.1772230714559555, 0.17666670680046082]}