{"loss": [0.6884846091270447, 0.6775776743888855, 0.6629018783569336, 0.6479874849319458, 0.6354227662086487, 0.6245626211166382, 0.6156098246574402, 0.6004789471626282, 0.592528760433197, 0.5807198882102966], "val_loss": [0.6844412088394165, 0.674293577671051, 0.6602846384048462, 0.6538185477256775, 0.6452149748802185, 0.633654773235321, 0.6221147179603577, 0.6133742928504944, 0.6049749851226807, 0.597412645816803]}