{"loss": [0.2486587017774582, 0.2458835393190384, 0.24313686788082123, 0.24045740067958832, 0.23786918818950653, 0.23543773591518402, 0.23306813836097717, 0.23077160120010376, 0.22860179841518402, 0.22657950222492218], "val_loss": [0.24752622842788696, 0.24512694776058197, 0.24282123148441315, 0.24061328172683716, 0.2385212630033493, 0.2363753467798233, 0.23436275124549866, 0.23253560066223145, 0.23080259561538696, 0.22907981276512146]}