{"loss": [0.15854619443416595, 0.15504790842533112, 0.1524374932050705, 0.15072274208068848, 0.15139563381671906, 0.15010160207748413, 0.1520792692899704, 0.15100708603858948, 0.15174859762191772, 0.15145665407180786], "val_loss": [0.1795203536748886, 0.1708061248064041, 0.16893762350082397, 0.177846297621727, 0.1670536994934082, 0.1674630045890808, 0.16989603638648987, 0.17022721469402313, 0.1673036515712738, 0.16821792721748352]}