{"loss": [0.24876414239406586, 0.24593432247638702, 0.24318554997444153, 0.2405119091272354, 0.23792248964309692, 0.23549407720565796, 0.23312872648239136, 0.2308337241411209, 0.2286638617515564, 0.22664225101470947], "val_loss": [0.2475050687789917, 0.24512623250484467, 0.24282479286193848, 0.2406173199415207, 0.23852454125881195, 0.23637914657592773, 0.2343667596578598, 0.23253977298736572, 0.23080681264400482, 0.22908423840999603]}