{"loss": [0.4772074520587921, 0.32311463356018066, 0.2533862590789795, 0.25318655371665955, 0.25318488478660583, 0.25318461656570435, 0.25318437814712524, 0.25318413972854614, 0.25318393111228943, 0.25318363308906555], "val_loss": [0.4385690689086914, 0.2858668863773346, 0.28462278842926025, 0.2846190929412842, 0.2846187353134155, 0.2846184968948364, 0.2846183180809021, 0.2846181094646454, 0.28461790084838867, 0.28461769223213196]}