{"loss": [0.2378869652748108, 0.2130308896303177, 0.19568569958209991, 0.18627792596817017, 0.18019837141036987, 0.17408296465873718, 0.1691267341375351, 0.165364071726799, 0.16326101124286652, 0.16148641705513], "val_loss": [0.2239297777414322, 0.2071603387594223, 0.2001945525407791, 0.1949160099029541, 0.1899162381887436, 0.1855577677488327, 0.18198755383491516, 0.179137721657753, 0.17718273401260376, 0.1764756441116333]}