{"loss": [0.15998297929763794, 0.15364766120910645, 0.15201795101165771, 0.15152505040168762, 0.15119227766990662, 0.15031124651432037, 0.15018095076084137, 0.14989736676216125, 0.14945651590824127, 0.14986678957939148], "val_loss": [0.17387086153030396, 0.17308859527111053, 0.16852982342243195, 0.17034657299518585, 0.16706432402133942, 0.168538436293602, 0.1665862798690796, 0.16708146035671234, 0.16461597383022308, 0.1644737869501114]}